NUMBER; DRIVER_NUMBER; LAP_NUMBER; LAP_TIME; LAP_IMPROVEMENT; CROSSING_FINISH_LINE_IN_PIT; S1; S1_IMPROVEMENT; S2; S2_IMPROVEMENT; S3; S3_IMPROVEMENT; KPH; ELAPSED; HOUR;S1_LARGE;S2_LARGE;S3_LARGE;TOP_SPEED;PIT_TIME;CLASS;GROUP;MANUFACTURER;FLAG_AT_FL;S1_SECONDS;S2_SECONDS;S3_SECONDS;IM1a_time;IM1a_elapsed;IM1_time;IM1_elapsed;IM2a_time;IM2a_elapsed;IM2_time;IM2_elapsed;IM3a_time;IM3a_elapsed;FL_time;FL_elapsed
3;1;1;3:46.084;0;;53.893;0;1:28.398;0;1:23.793;0;87.1;3:46.084;15:58:26.323;0:53.893;1:28.398;1:23.793;107.8;;Am;;Toyota Gazoo Racing;FCY;53.893;88.398;83.793;;;;53.893;32.095;1:25.988;56.303;2:22.291;36.726;2:59.017;47.067;3:46.084
3;1;2;2:48.736;0;;45.381;0;1:00.988;0;1:02.367;0;116.7;6:34.820;16:01:15.059;0:45.381;1:00.988;1:02.367;202.2;;Am;;Toyota Gazoo Racing;GF;45.381;60.988;62.367;30.942;30.942;14.439;45.381;24.32;1:09.701;36.668;1:46.369;30.435;2:16.804;31.932;2:48.736
3;1;3;2:36.896;0;;33.659;0;1:01.873;0;1:01.364;0;125.6;9:11.716;16:03:51.955;0:33.659;1:01.873;1:01.364;200.0;;Am;;Toyota Gazoo Racing;GF;33.659;61.873;61.364;20.811;20.811;12.848;33.659;25.793;59.452;36.080;1:35.532;28.996;2:04.528;32.368;2:36.896
3;1;4;2:33.653;0;;33.486;0;58.603;0;1:01.564;0;128.2;11:45.369;16:06:25.608;0:33.486;0:58.603;1:01.564;201.5;;Am;;Toyota Gazoo Racing;GF;33.486;58.603;61.564;20.898;20.898;12.588;33.486;22.818;56.304;35.785;1:32.089;29.336;2:01.425;32.228;2:33.653
3;1;5;2:33.941;0;;33.822;0;59.473;0;1:00.646;0;128.0;14:19.310;16:08:59.549;0:33.822;0:59.473;1:00.646;197.1;;Am;;Toyota Gazoo Racing;GF;33.822;59.473;60.646;20.686;20.686;13.136;33.822;23.179;57.001;36.294;1:33.295;29.126;2:02.421;31.52;2:33.941
3;1;6;2:32.592;0;;33.142;0;58.442;0;1:01.008;0;129.1;16:51.902;16:11:32.141;0:33.142;0:58.442;1:01.008;203.0;;Am;;Toyota Gazoo Racing;GF;33.142;58.442;61.008;20.644;20.644;12.498;33.142;22.772;55.914;35.670;1:31.584;29.488;2:01.072;31.52;2:32.592
3;1;7;2:32.568;0;;33.219;0;58.950;0;1:00.399;0;129.1;19:24.470;16:14:04.709;0:33.219;0:58.950;1:00.399;197.1;;Am;;Toyota Gazoo Racing;GF;33.219;58.95;60.399;20.740;20.740;12.479;33.219;23.132;56.351;35.818;1:32.169;29.153;2:01.322;31.246;2:32.568
3;1;8;2:32.909;0;;33.285;0;58.871;0;1:00.753;0;128.8;21:57.379;16:16:37.618;0:33.285;0:58.871;1:00.753;197.8;;Am;;Toyota Gazoo Racing;GF;33.285;58.871;60.753;20.748;20.748;12.537;33.285;22.85;56.135;36.021;1:32.156;29.352;2:01.508;31.401;2:32.909
3;1;9;2:32.070;2;;33.334;0;58.537;0;1:00.199;2;129.5;24:29.449;16:19:09.688;0:33.334;0:58.537;1:00.199;198.5;;Am;;Toyota Gazoo Racing;GF;33.334;58.537;60.199;20.772;20.772;12.562;33.334;22.749;56.083;35.788;1:31.871;29.104;2:00.975;31.095;2:32.070
3;1;10;2:32.311;0;;33.319;0;58.636;0;1:00.356;0;129.3;27:01.760;16:21:41.999;0:33.319;0:58.636;1:00.356;197.8;;Am;;Toyota Gazoo Racing;GF;33.319;58.636;60.356;20.688;20.688;12.631;33.319;22.724;56.043;35.912;1:31.955;28.942;2:00.897;31.414;2:32.311
3;1;11;2:32.852;0;;33.186;0;59.437;0;1:00.229;0;128.9;29:34.612;16:24:14.851;0:33.186;0:59.437;1:00.229;197.8;;Am;;Toyota Gazoo Racing;FCY;33.186;59.437;60.229;20.654;20.654;12.532;33.186;23.324;56.510;36.113;1:32.623;28.964;2:01.587;31.265;2:32.852
3;1;12;2:50.903;0;;33.542;0;1:01.745;0;1:15.616;0;115.3;32:25.515;16:27:05.754;0:33.542;1:01.745;1:15.616;132.4;;Am;;Toyota Gazoo Racing;FCY;33.542;61.745;75.616;20.894;20.894;12.648;33.542;23.061;56.603;38.684;1:35.287;32.411;2:07.698;43.205;2:50.903
3;1;13;3:40.099;0;;48.728;0;1:31.118;0;1:20.253;0;89.5;36:05.614;16:30:45.853;0:48.728;1:31.118;1:20.253;98.0;;Am;;Toyota Gazoo Racing;GF;48.728;91.118;80.253;32.771;32.771;15.957;48.728;31.181;1:19.909;59.937;2:19.846;35.519;2:55.365;44.734;3:40.099
3;1;14;2:33.121;0;;33.621;0;58.327;0;1:01.173;0;128.6;38:38.735;16:33:18.974;0:33.621;0:58.327;1:01.173;205.3;;Am;;Toyota Gazoo Racing;GF;33.621;58.327;61.173;20.735;20.735;12.886;33.621;22.824;56.445;35.503;1:31.948;29.314;2:01.262;31.859;2:33.121
3;1;15;2:33.850;0;;33.427;0;58.337;0;1:02.086;0;128.0;41:12.585;16:35:52.824;0:33.427;0:58.337;1:02.086;205.3;;Am;;Toyota Gazoo Racing;GF;33.427;58.337;62.086;20.850;20.850;12.577;33.427;22.487;55.914;35.850;1:31.764;29.052;2:00.816;33.034;2:33.850
3;1;16;2:32.325;0;;33.062;2;58.243;2;1:01.020;0;129.3;43:44.910;16:38:25.149;0:33.062;0:58.243;1:01.020;202.2;;Am;;Toyota Gazoo Racing;GF;33.062;58.243;61.02;20.618;20.618;12.444;33.062;22.603;55.665;35.640;1:31.305;29.01;2:00.315;32.01;2:32.325
3;1;17;2:34.448;0;;33.112;0;1:00.652;0;1:00.684;0;127.5;46:19.358;16:40:59.597;0:33.112;1:00.652;1:00.684;199.3;;Am;;Toyota Gazoo Racing;FF;33.112;60.652;60.684;20.560;20.560;12.552;33.112;22.975;56.087;37.677;1:33.764;28.933;2:02.697;31.751;2:34.448
11;1;1;3:45.563;0;;53.414;0;1:27.116;0;1:25.033;0;87.3;3:45.563;15:58:25.802;0:53.414;1:27.116;1:25.033;108.4;;Am;Legends;Toyota Gazoo Racing;FCY;53.414;87.116;85.033;;;;53.414;32.221;1:25.635;54.895;2:20.530;36.81;2:57.340;48.223;3:45.563
11;1;2;2:46.560;0;;44.518;0;1:00.144;0;1:01.898;0;118.3;6:32.123;16:01:12.362;0:44.518;1:00.144;1:01.898;206.9;;Am;Legends;Toyota Gazoo Racing;GF;44.518;60.144;61.898;30.711;30.711;13.807;44.518;24.18;1:08.698;35.964;1:44.662;30.065;2:14.727;31.833;2:46.560
11;1;3;2:32.202;0;;33.813;0;58.094;0;1:00.295;0;129.4;9:04.325;16:03:44.564;0:33.813;0:58.094;1:00.295;206.1;;Am;Legends;Toyota Gazoo Racing;GF;33.813;58.094;60.295;20.886;20.886;12.927;33.813;22.714;56.527;35.380;1:31.907;29.153;2:01.060;31.142;2:32.202
11;1;4;2:31.972;0;;33.082;0;58.353;0;1:00.537;0;129.6;11:36.297;16:06:16.536;0:33.082;0:58.353;1:00.537;203.8;;Am;Legends;Toyota Gazoo Racing;GF;33.082;58.353;60.537;20.527;20.527;12.555;33.082;22.671;55.753;35.682;1:31.435;29.446;2:00.881;31.091;2:31.972
11;1;5;2:32.347;0;;33.212;0;58.249;0;1:00.886;0;129.3;14:08.644;16:08:48.883;0:33.212;0:58.249;1:00.886;203.0;;Am;Legends;Toyota Gazoo Racing;GF;33.212;58.249;60.886;20.647;20.647;12.565;33.212;22.634;55.846;35.615;1:31.461;29.38;2:00.841;31.506;2:32.347
11;1;6;2:32.287;0;;33.048;2;58.334;0;1:00.905;0;129.3;16:40.931;16:11:21.170;0:33.048;0:58.334;1:00.905;200.7;;Am;Legends;Toyota Gazoo Racing;GF;33.048;58.334;60.905;20.460;20.460;12.588;33.048;22.454;55.502;35.880;1:31.382;29.853;2:01.235;31.052;2:32.287
11;1;7;2:31.915;0;;33.311;0;58.343;0;1:00.261;2;129.7;19:12.846;16:13:53.085;0:33.311;0:58.343;1:00.261;203.0;;Am;Legends;Toyota Gazoo Racing;GF;33.311;58.343;60.261;20.687;20.687;12.624;33.311;22.708;56.019;35.635;1:31.654;29.006;2:00.660;31.255;2:31.915
11;1;8;2:32.573;0;;33.171;0;58.424;0;1:00.978;0;129.1;21:45.419;16:16:25.658;0:33.171;0:58.424;1:00.978;203.0;;Am;Legends;Toyota Gazoo Racing;GF;33.171;58.424;60.978;20.615;20.615;12.556;33.171;22.867;56.038;35.557;1:31.595;29.787;2:01.382;31.191;2:32.573
11;1;9;2:32.961;0;;33.354;0;57.988;2;1:01.619;0;128.8;24:18.380;16:18:58.619;0:33.354;0:57.988;1:01.619;204.5;;Am;Legends;Toyota Gazoo Racing;GF;33.354;57.988;61.619;20.711;20.711;12.643;33.354;22.634;55.988;35.354;1:31.342;30.326;2:01.668;31.293;2:32.961
11;1;10;2:31.702;2;;33.348;0;58.092;0;1:00.262;0;129.8;26:50.082;16:21:30.321;0:33.348;0:58.092;1:00.262;205.3;;Am;Legends;Toyota Gazoo Racing;GF;33.348;58.092;60.262;20.620;20.620;12.728;33.348;22.722;56.070;35.370;1:31.440;29.059;2:00.499;31.203;2:31.702
113;1;1;3:43.795;0;;50.588;0;1:25.437;0;1:27.770;0;88.0;3:43.795;15:58:24.034;0:50.588;1:25.437;1:27.770;103.1;;Am;;Toyota Gazoo Racing;FCY;50.588;85.437;87.77;;;;50.588;31.372;1:21.960;54.065;2:16.025;35.749;2:51.774;52.021;3:43.795
113;1;2;2:44.429;0;;45.587;0;59.229;0;59.613;0;119.8;6:28.224;16:01:08.463;0:45.587;0:59.229;0:59.613;205.3;;Am;;Toyota Gazoo Racing;GF;45.587;59.229;59.613;31.742;31.742;13.845;45.587;23.644;1:09.231;35.585;1:44.816;28.539;2:13.355;31.074;2:44.429
113;1;3;2:31.114;0;;33.261;0;58.131;0;59.722;0;130.4;8:59.338;16:03:39.577;0:33.261;0:58.131;0:59.722;206.9;;Am;;Toyota Gazoo Racing;GF;33.261;58.131;59.722;20.511;20.511;12.75;33.261;22.628;55.889;35.503;1:31.392;28.798;2:00.190;30.924;2:31.114
113;1;4;2:30.465;0;;32.614;0;57.658;0;1:00.193;0;130.9;11:29.803;16:06:10.042;0:32.614;0:57.658;1:00.193;205.3;;Am;;Toyota Gazoo Racing;GF;32.614;57.658;60.193;20.144;20.144;12.47;32.614;22.224;54.838;35.434;1:30.272;28.438;1:58.710;31.755;2:30.465
113;1;5;2:31.157;0;;32.459;0;58.477;0;1:00.221;0;130.3;14:00.960;16:08:41.199;0:32.459;0:58.477;1:00.221;200.7;;Am;;Toyota Gazoo Racing;GF;32.459;58.477;60.221;20.190;20.190;12.269;32.459;22.489;54.948;35.988;1:30.936;29.392;2:00.328;30.829;2:31.157
113;1;6;2:30.515;0;;32.874;0;57.905;0;59.736;0;130.9;16:31.475;16:11:11.714;0:32.874;0:57.905;0:59.736;203.0;;Am;;Toyota Gazoo Racing;GF;32.874;57.905;59.736;20.471;20.471;12.403;32.874;22.439;55.313;35.466;1:30.779;28.88;1:59.659;30.856;2:30.515
113;1;7;2:30.524;0;;32.757;0;57.975;0;59.792;0;130.9;19:01.999;16:13:42.238;0:32.757;0:57.975;0:59.792;203.0;;Am;;Toyota Gazoo Racing;GF;32.757;57.975;59.792;20.366;20.366;12.391;32.757;22.403;55.160;35.572;1:30.732;28.772;1:59.504;31.02;2:30.524
113;1;8;2:30.071;0;;32.780;0;57.621;0;59.670;0;131.3;21:32.070;16:16:12.309;0:32.780;0:57.621;0:59.670;204.5;;Am;;Toyota Gazoo Racing;GF;32.78;57.621;59.67;20.407;20.407;12.373;32.780;22.343;55.123;35.278;1:30.401;28.702;1:59.103;30.968;2:30.071
113;1;9;2:29.972;0;;32.666;0;57.656;0;59.650;0;131.3;24:02.042;16:18:42.281;0:32.666;0:57.656;0:59.650;203.0;;Am;;Toyota Gazoo Racing;GF;32.666;57.656;59.65;20.317;20.317;12.349;32.666;22.37;55.036;35.286;1:30.322;28.864;1:59.186;30.786;2:29.972
113;1;10;2:29.926;2;;32.708;0;57.869;0;59.349;2;131.4;26:31.968;16:21:12.207;0:32.708;0:57.869;0:59.349;203.8;;Am;;Toyota Gazoo Racing;GF;32.708;57.869;59.349;20.427;20.427;12.281;32.708;22.399;55.107;35.470;1:30.577;28.591;1:59.168;30.758;2:29.926
113;1;11;2:29.971;0;;32.453;2;57.953;0;59.565;0;131.3;29:01.939;16:23:42.178;0:32.453;0:57.953;0:59.565;203.8;;Am;;Toyota Gazoo Racing;FCY;32.453;57.953;59.565;20.188;20.188;12.265;32.453;22.429;54.882;35.524;1:30.406;28.684;1:59.090;30.881;2:29.971
113;1;12;3:18.518;0;;34.098;0;1:23.199;0;1:21.221;0;99.2;32:20.457;16:27:00.696;0:34.098;1:23.199;1:21.221;108.2;;Am;;Toyota Gazoo Racing;FCY;34.098;83.199;81.221;20.577;20.577;13.521;34.098;25.366;59.464;57.833;1:57.297;35.495;2:32.792;45.726;3:18.518
113;1;13;3:41.954;0;;48.817;0;1:31.053;0;1:22.084;0;88.7;36:02.411;16:30:42.650;0:48.817;1:31.053;1:22.084;79.8;;Am;;Toyota Gazoo Racing;GF;48.817;91.053;82.084;32.463;32.463;16.354;48.817;31.158;1:19.975;59.895;2:19.870;35.685;2:55.555;46.399;3:41.954
113;1;14;2:32.878;0;;32.999;0;59.401;0;1:00.478;0;128.8;38:35.289;16:33:15.528;0:32.999;0:59.401;1:00.478;205.3;;Am;;Toyota Gazoo Racing;GF;32.999;59.401;60.478;20.380;20.380;12.619;32.999;23.036;56.035;36.365;1:32.400;29.548;2:01.948;30.93;2:32.878
113;1;15;2:38.167;0;B;32.885;0;57.582;2;1:07.700;0;124.5;41:13.456;16:35:53.695;0:32.885;0:57.582;1:07.700;210.1;;Am;;Toyota Gazoo Racing;GF;32.885;57.582;67.7;20.334;20.334;12.551;32.885;22.489;55.374;35.093;1:30.467;29.757;2:00.224;37.943;2:38.167
113;1;16;2:55.741;0;;56.865;0;58.902;0;59.974;0;112.1;44:09.197;16:38:49.436;0:56.865;0:58.902;0:59.974;203.0;0:00:37.637;Am;;Toyota Gazoo Racing;GF;56.865;58.902;59.974;44.264;44.264;12.601;56.865;23.282;1:20.147;35.620;1:55.767;28.885;2:24.652;31.089;2:55.741
113;1;17;2:31.454;0;;33.034;0;58.450;0;59.970;0;130.1;46:40.651;16:41:20.890;0:33.034;0:58.450;0:59.970;203.8;;Am;;Toyota Gazoo Racing;FF;33.034;58.45;59.97;20.535;20.535;12.499;33.034;22.751;55.785;35.699;1:31.484;28.856;2:00.340;31.114;2:31.454
13;1;1;3:41.580;0;;48.120;0;1:22.270;0;1:31.190;0;88.9;3:41.580;15:58:21.819;0:48.120;1:22.270;1:31.190;100.9;;Am;;Toyota Gazoo Racing;FCY;48.12;82.27;91.19;;;;48.120;29.089;1:17.209;53.181;2:10.390;36.119;2:46.509;55.071;3:41.580
13;1;2;2:41.364;0;;44.534;0;57.322;0;59.508;0;122.1;6:22.944;16:01:03.183;0:44.534;0:57.322;0:59.508;204.5;;Am;;Toyota Gazoo Racing;GF;44.534;57.322;59.508;31.617;31.617;12.917;44.534;22.141;1:06.675;35.181;1:41.856;28.602;2:10.458;30.906;2:41.364
13;1;3;2:29.930;0;;32.769;0;57.341;0;59.820;0;131.4;8:52.874;16:03:33.113;0:32.769;0:57.341;0:59.820;204.5;;Am;;Toyota Gazoo Racing;GF;32.769;57.341;59.82;20.383;20.383;12.386;32.769;22.085;54.854;35.256;1:30.110;28.772;1:58.882;31.048;2:29.930
13;1;4;2:30.223;0;;32.782;0;57.503;0;59.938;0;131.1;11:23.097;16:06:03.336;0:32.782;0:57.503;0:59.938;203.8;;Am;;Toyota Gazoo Racing;GF;32.782;57.503;59.938;20.363;20.363;12.419;32.782;22.168;54.950;35.335;1:30.285;28.681;1:58.966;31.257;2:30.223
13;1;5;2:29.521;0;;32.694;0;57.178;0;59.649;0;131.7;13:52.618;16:08:32.857;0:32.694;0:57.178;0:59.649;204.5;;Am;;Toyota Gazoo Racing;GF;32.694;57.178;59.649;20.337;20.337;12.357;32.694;22.064;54.758;35.114;1:29.872;28.67;1:58.542;30.979;2:29.521
13;1;6;2:28.862;0;;32.619;0;57.112;0;59.131;2;132.3;16:21.480;16:11:01.719;0:32.619;0:57.112;0:59.131;205.3;;Am;;Toyota Gazoo Racing;GF;32.619;57.112;59.131;20.301;20.301;12.318;32.619;22.09;54.709;35.022;1:29.731;28.56;1:58.291;30.571;2:28.862
13;1;7;2:28.868;0;;32.667;0;56.986;0;59.215;0;132.3;18:50.348;16:13:30.587;0:32.667;0:56.986;0:59.215;205.3;;Am;;Toyota Gazoo Racing;GF;32.667;56.986;59.215;20.277;20.277;12.39;32.667;21.897;54.564;35.089;1:29.653;28.524;1:58.177;30.691;2:28.868
13;1;8;2:28.874;0;;32.544;0;56.833;0;59.497;0;132.3;21:19.222;16:15:59.461;0:32.544;0:56.833;0:59.497;205.3;;Am;;Toyota Gazoo Racing;GF;32.544;56.833;59.497;20.220;20.220;12.324;32.544;21.912;54.456;34.921;1:29.377;28.7;1:58.077;30.797;2:28.874
13;1;9;2:28.745;2;;32.588;0;56.786;2;59.371;0;132.4;23:47.967;16:18:28.206;0:32.588;0:56.786;0:59.371;204.5;;Am;;Toyota Gazoo Racing;GF;32.588;56.786;59.371;20.289;20.289;12.299;32.588;21.847;54.435;34.939;1:29.374;28.641;1:58.015;30.73;2:28.745
13;1;10;2:28.875;0;;32.526;2;57.023;0;59.326;0;132.3;26:16.842;16:20:57.081;0:32.526;0:57.023;0:59.326;205.3;;Am;;Toyota Gazoo Racing;GF;32.526;57.023;59.326;20.245;20.245;12.281;32.526;21.889;54.415;35.134;1:29.549;28.514;1:58.063;30.812;2:28.875
13;1;11;2:29.127;0;;32.627;0;57.184;0;59.316;0;132.1;28:45.969;16:23:26.208;0:32.627;0:57.184;0:59.316;206.9;;Am;;Toyota Gazoo Racing;GF;32.627;57.184;59.316;20.240;20.240;12.387;32.627;22.008;54.635;35.176;1:29.811;28.601;1:58.412;30.715;2:29.127
13;1;12;3:28.894;0;;42.946;0;1:22.408;0;1:23.540;0;94.3;32:14.863;16:26:55.102;0:42.946;1:22.408;1:23.540;105.3;;Am;;Toyota Gazoo Racing;FCY;42.946;82.408;83.54;23.383;23.383;19.563;42.946;27.286;1:10.232;55.122;2:05.354;37.433;2:42.787;46.107;3:28.894
13;1;13;3:44.854;0;;49.942;0;1:30.057;0;1:24.855;0;87.6;35:59.717;16:30:39.956;0:49.942;1:30.057;1:24.855;90.6;;Am;;Toyota Gazoo Racing;FCY;49.942;90.057;84.855;30.050;30.050;19.892;49.942;30.524;1:20.466;59.533;2:19.999;36.991;2:56.990;47.864;3:44.854
13;1;14;2:29.944;0;;32.768;0;57.374;0;59.802;0;131.4;38:29.661;16:33:09.900;0:32.768;0:57.374;0:59.802;203.0;;Am;;Toyota Gazoo Racing;GF;32.768;57.374;59.802;20.348;20.348;12.42;32.768;21.977;54.745;35.397;1:30.142;28.702;1:58.844;31.1;2:29.944
13;1;15;2:29.382;0;;32.880;0;57.152;0;59.350;0;131.9;40:59.043;16:35:39.282;0:32.880;0:57.152;0:59.350;203.8;;Am;;Toyota Gazoo Racing;GF;32.88;57.152;59.35;20.471;20.471;12.409;32.880;21.919;54.799;35.233;1:30.032;28.5;1:58.532;30.85;2:29.382
13;1;16;2:30.245;0;;32.708;0;58.028;0;59.509;0;131.1;43:29.288;16:38:09.527;0:32.708;0:58.028;0:59.509;205.3;;Am;;Toyota Gazoo Racing;GF;32.708;58.028;59.509;20.350;20.350;12.358;32.708;21.838;54.546;36.190;1:30.736;28.563;1:59.299;30.946;2:30.245
13;1;17;2:30.884;0;;32.934;0;57.975;0;59.975;0;130.6;46:00.172;16:40:40.411;0:32.934;0:57.975;0:59.975;202.2;;Am;;Toyota Gazoo Racing;FF;32.934;57.975;59.975;20.646;20.646;12.288;32.934;22.275;55.209;35.700;1:30.909;29.029;1:59.938;30.946;2:30.884
14;1;1;3:44.381;0;;53.456;0;1:25.096;0;1:25.829;0;87.8;3:44.381;15:58:24.620;0:53.456;1:25.096;1:25.829;115.6;;Am;;Toyota Gazoo Racing;FCY;53.456;85.096;85.829;;;;53.456;31.519;1:24.975;53.577;2:18.552;37.857;2:56.409;47.972;3:44.381
14;1;2;2:43.488;0;;44.247;0;58.793;0;1:00.448;0;120.5;6:27.869;16:01:08.108;0:44.247;0:58.793;1:00.448;206.1;;Am;;Toyota Gazoo Racing;GF;44.247;58.793;60.448;31.059;31.059;13.188;44.247;23.215;1:07.462;35.578;1:43.040;29.017;2:12.057;31.431;2:43.488
14;1;3;2:31.149;0;;33.376;0;58.073;0;59.700;0;130.3;8:59.018;16:03:39.257;0:33.376;0:58.073;0:59.700;205.3;;Am;;Toyota Gazoo Racing;GF;33.376;58.073;59.7;20.805;20.805;12.571;33.376;22.519;55.895;35.554;1:31.449;28.813;2:00.262;30.887;2:31.149
14;1;4;2:31.288;0;;33.205;0;58.147;0;59.936;0;130.2;11:30.306;16:06:10.545;0:33.205;0:58.147;0:59.936;200.7;;Am;;Toyota Gazoo Racing;GF;33.205;58.147;59.936;20.565;20.565;12.64;33.205;22.431;55.636;35.716;1:31.352;28.745;2:00.097;31.191;2:31.288
14;1;5;2:31.658;0;;32.944;0;57.790;0;1:00.924;0;129.9;14:01.964;16:08:42.203;0:32.944;0:57.790;1:00.924;203.8;;Am;;Toyota Gazoo Racing;GF;32.944;57.79;60.924;20.527;20.527;12.417;32.944;22.249;55.193;35.541;1:30.734;29.737;2:00.471;31.187;2:31.658
14;1;6;2:31.301;0;;33.051;0;58.040;0;1:00.210;0;130.2;16:33.265;16:11:13.504;0:33.051;0:58.040;1:00.210;200.7;;Am;;Toyota Gazoo Racing;GF;33.051;58.04;60.21;20.589;20.589;12.462;33.051;22.28;55.331;35.760;1:31.091;29.337;2:00.428;30.873;2:31.301
14;1;7;2:33.613;0;;33.620;0;57.981;0;1:02.012;0;128.2;19:06.878;16:13:47.117;0:33.620;0:57.981;1:02.012;202.2;;Am;;Toyota Gazoo Racing;GF;33.62;57.981;62.012;20.682;20.682;12.938;33.620;22.494;56.114;35.487;1:31.601;30.327;2:01.928;31.685;2:33.613
14;1;8;2:31.594;0;;34.056;0;58.070;0;59.468;2;129.9;21:38.472;16:16:18.711;0:34.056;0:58.070;0:59.468;199.3;;Am;;Toyota Gazoo Racing;GF;34.056;58.07;59.468;21.161;21.161;12.895;34.056;22.313;56.369;35.757;1:32.126;28.552;2:00.678;30.916;2:31.594
14;1;9;2:30.721;0;;33.100;0;57.893;0;59.728;0;130.7;24:09.193;16:18:49.432;0:33.100;0:57.893;0:59.728;200.7;;Am;;Toyota Gazoo Racing;GF;33.1;57.893;59.728;20.567;20.567;12.533;33.100;22.447;55.547;35.446;1:30.993;28.732;1:59.725;30.996;2:30.721
14;1;10;2:32.426;0;;33.329;0;58.400;0;1:00.697;0;129.2;26:41.619;16:21:21.858;0:33.329;0:58.400;1:00.697;201.5;;Am;;Toyota Gazoo Racing;GF;33.329;58.4;60.697;20.841;20.841;12.488;33.329;22.411;55.740;35.989;1:31.729;29.836;2:01.565;30.861;2:32.426
14;1;11;2:31.743;0;;33.140;0;57.589;0;1:01.014;0;129.8;29:13.362;16:23:53.601;0:33.140;0:57.589;1:01.014;201.5;;Am;;Toyota Gazoo Racing;FCY;33.14;57.589;61.014;20.617;20.617;12.523;33.140;22.147;55.287;35.442;1:30.729;29.046;1:59.775;31.968;2:31.743
14;1;12;3:08.690;0;;33.749;0;1:13.668;0;1:21.273;0;104.4;32:22.052;16:27:02.291;0:33.749;1:13.668;1:21.273;102.7;;Am;;Toyota Gazoo Racing;FCY;33.749;73.668;81.273;21.073;21.073;12.676;33.749;23.239;56.988;50.429;1:47.417;36.537;2:23.954;44.736;3:08.690
14;1;13;3:41.136;0;;49.381;0;1:29.904;0;1:21.851;0;89.1;36:03.188;16:30:43.427;0:49.381;1:29.904;1:21.851;85.4;;Am;;Toyota Gazoo Racing;GF;49.381;89.904;81.851;32.649;32.649;16.732;49.381;30.592;1:19.973;59.312;2:19.285;36.542;2:55.827;45.309;3:41.136
14;1;14;2:31.063;0;;33.144;0;57.975;0;59.944;0;130.4;38:34.251;16:33:14.490;0:33.144;0:57.975;0:59.944;206.9;;Am;;Toyota Gazoo Racing;GF;33.144;57.975;59.944;20.499;20.499;12.645;33.144;22.396;55.540;35.579;1:31.119;28.848;1:59.967;31.096;2:31.063
14;1;15;2:32.350;0;;33.389;0;57.855;0;1:01.106;0;129.3;41:06.601;16:35:46.840;0:33.389;0:57.855;1:01.106;204.5;;Am;;Toyota Gazoo Racing;GF;33.389;57.855;61.106;20.882;20.882;12.507;33.389;22.311;55.700;35.544;1:31.244;29.83;2:01.074;31.276;2:32.350
14;1;16;2:30.363;2;;32.913;0;57.555;0;59.895;0;131.0;43:36.964;16:38:17.203;0:32.913;0:57.555;0:59.895;203.0;;Am;;Toyota Gazoo Racing;GF;32.913;57.555;59.895;20.485;20.485;12.428;32.913;22.205;55.118;35.350;1:30.468;28.951;1:59.419;30.944;2:30.363
14;1;17;2:30.415;0;;32.837;2;57.505;2;1:00.073;0;131.0;46:07.379;16:40:47.618;0:32.837;0:57.505;1:00.073;206.9;;Am;;Toyota Gazoo Racing;FF;32.837;57.505;60.073;20.407;20.407;12.43;32.837;22.308;55.145;35.197;1:30.342;28.904;1:59.246;31.169;2:30.415
15;1;1;3:42.783;0;B;52.911;0;1:26.346;0;1:23.526;0;88.4;3:42.783;15:58:23.022;0:52.911;1:26.346;1:23.526;108.2;;Am;;Toyota Gazoo Racing;FCY;52.911;86.346;83.526;;;;52.911;31.347;1:24.258;54.999;2:19.257;37.722;2:56.979;45.804;3:42.783
15;1;2;6:29.514;0;;4:29.202;0;59.457;0;1:00.855;0;50.6;10:12.297;16:04:52.536;4:29.202;0:59.457;1:00.855;197.8;0:04:09.314;Am;;Toyota Gazoo Racing;GF;269.202;59.457;60.855;4:16.398;4:16.398;12.804;4:29.202;23.08;4:52.282;36.377;5:28.659;29.298;5:57.957;31.557;6:29.514
15;1;3;2:31.899;2;;33.226;0;58.301;2;1:00.372;0;129.7;12:44.196;16:07:24.435;0:33.226;0:58.301;1:00.372;200.0;;Am;;Toyota Gazoo Racing;GF;33.226;58.301;60.372;20.661;20.661;12.565;33.226;22.7;55.926;35.601;1:31.527;28.985;2:00.512;31.387;2:31.899
15;1;4;2:32.041;0;;33.127;2;58.594;0;1:00.320;2;129.6;15:16.237;16:09:56.476;0:33.127;0:58.594;1:00.320;201.5;;Am;;Toyota Gazoo Racing;GF;33.127;58.594;60.32;20.588;20.588;12.539;33.127;22.604;55.731;35.990;1:31.721;29.017;2:00.738;31.303;2:32.041
15;1;5;2:32.178;0;;33.198;0;58.335;0;1:00.645;0;129.4;17:48.415;16:12:28.654;0:33.198;0:58.335;1:00.645;201.5;;Am;;Toyota Gazoo Racing;GF;33.198;58.335;60.645;20.711;20.711;12.487;33.198;22.722;55.920;35.613;1:31.533;29.257;2:00.790;31.388;2:32.178
15;1;6;2:40.490;0;B;33.174;0;58.576;0;1:08.740;0;122.7;20:28.905;16:15:09.144;0:33.174;0:58.576;1:08.740;200.0;;Am;;Toyota Gazoo Racing;GF;33.174;58.576;68.74;20.628;20.628;12.546;33.174;22.786;55.960;35.790;1:31.750;29.293;2:01.043;39.447;2:40.490
16;1;1;3:42.042;0;;48.379;0;1:22.492;0;1:31.171;0;88.7;3:42.042;15:58:22.281;0:48.379;1:22.492;1:31.171;93.7;;Am;Legends;Toyota Gazoo Racing;FCY;48.379;82.492;91.171;;;;48.379;29.262;1:17.641;53.230;2:10.871;36.361;2:47.232;54.81;3:42.042
16;1;2;2:40.641;0;;43.689;0;57.340;0;59.612;0;122.6;6:22.683;16:01:02.922;0:43.689;0:57.340;0:59.612;205.3;;Am;Legends;Toyota Gazoo Racing;GF;43.689;57.34;59.612;31.112;31.112;12.577;43.689;22.052;1:05.741;35.288;1:41.029;28.79;2:09.819;30.822;2:40.641
16;1;3;2:29.891;0;;32.699;0;57.325;0;59.867;0;131.4;8:52.574;16:03:32.813;0:32.699;0:57.325;0:59.867;204.5;;Am;Legends;Toyota Gazoo Racing;GF;32.699;57.325;59.867;20.226;20.226;12.473;32.699;22.114;54.813;35.211;1:30.024;28.904;1:58.928;30.963;2:29.891
16;1;4;2:30.235;0;;32.788;0;57.446;0;1:00.001;0;131.1;11:22.809;16:06:03.048;0:32.788;0:57.446;1:00.001;205.3;;Am;Legends;Toyota Gazoo Racing;GF;32.788;57.446;60.001;20.343;20.343;12.445;32.788;22.262;55.050;35.184;1:30.234;29.072;1:59.306;30.929;2:30.235
16;1;5;2:29.181;0;;32.647;0;57.262;0;59.272;0;132.0;13:51.990;16:08:32.229;0:32.647;0:57.262;0:59.272;203.8;;Am;Legends;Toyota Gazoo Racing;GF;32.647;57.262;59.272;20.297;20.297;12.35;32.647;21.942;54.589;35.320;1:29.909;28.563;1:58.472;30.709;2:29.181
16;1;6;2:29.116;0;;32.465;0;57.307;0;59.344;0;132.1;16:21.106;16:11:01.345;0:32.465;0:57.307;0:59.344;205.3;;Am;Legends;Toyota Gazoo Racing;GF;32.465;57.307;59.344;20.143;20.143;12.322;32.465;22.177;54.642;35.130;1:29.772;28.641;1:58.413;30.703;2:29.116
16;1;7;2:28.882;0;;32.435;0;57.258;0;59.189;2;132.3;18:49.988;16:13:30.227;0:32.435;0:57.258;0:59.189;203.8;;Am;Legends;Toyota Gazoo Racing;GF;32.435;57.258;59.189;20.119;20.119;12.316;32.435;22.24;54.675;35.018;1:29.693;28.615;1:58.308;30.574;2:28.882
16;1;8;2:28.917;0;;32.525;0;57.041;0;59.351;0;132.3;21:18.905;16:15:59.144;0:32.525;0:57.041;0:59.351;203.0;;Am;Legends;Toyota Gazoo Racing;GF;32.525;57.041;59.351;20.175;20.175;12.35;32.525;22.06;54.585;34.981;1:29.566;28.565;1:58.131;30.786;2:28.917
16;1;9;2:28.726;2;;32.431;2;56.960;0;59.335;0;132.4;23:47.631;16:18:27.870;0:32.431;0:56.960;0:59.335;203.0;;Am;Legends;Toyota Gazoo Racing;GF;32.431;56.96;59.335;20.155;20.155;12.276;32.431;21.877;54.308;35.083;1:29.391;28.656;1:58.047;30.679;2:28.726
16;1;10;2:28.989;0;;32.465;0;57.040;0;59.484;0;132.2;26:16.620;16:20:56.859;0:32.465;0:57.040;0:59.484;203.8;;Am;Legends;Toyota Gazoo Racing;GF;32.465;57.04;59.484;20.165;20.165;12.3;32.465;21.946;54.411;35.094;1:29.505;28.615;1:58.120;30.869;2:28.989
16;1;11;2:28.964;0;;32.581;0;57.170;0;59.213;0;132.2;28:45.584;16:23:25.823;0:32.581;0:57.170;0:59.213;204.5;;Am;Legends;Toyota Gazoo Racing;GF;32.581;57.17;59.213;20.249;20.249;12.332;32.581;21.87;54.451;35.300;1:29.751;28.58;1:58.331;30.633;2:28.964
16;1;12;3:28.929;0;;42.925;0;1:22.627;0;1:23.377;0;94.3;32:14.513;16:26:54.752;0:42.925;1:22.627;1:23.377;102.5;;Am;Legends;Toyota Gazoo Racing;FCY;42.925;82.627;83.377;23.336;23.336;19.589;42.925;27.098;1:10.023;55.529;2:05.552;36.996;2:42.548;46.381;3:28.929
16;1;13;3:44.908;0;;49.895;0;1:30.124;0;1:24.889;0;87.6;35:59.421;16:30:39.660;0:49.895;1:30.124;1:24.889;87.9;;Am;Legends;Toyota Gazoo Racing;FCY;49.895;90.124;84.889;29.952;29.952;19.943;49.895;30.572;1:20.467;59.552;2:20.019;36.86;2:56.879;48.029;3:44.908
16;1;14;2:29.768;0;;32.728;0;57.559;0;59.481;0;131.5;38:29.189;16:33:09.428;0:32.728;0:57.559;0:59.481;206.1;;Am;Legends;Toyota Gazoo Racing;GF;32.728;57.559;59.481;20.322;20.322;12.406;32.728;22.217;54.945;35.342;1:30.287;28.61;1:58.897;30.871;2:29.768
16;1;15;2:29.418;0;;32.654;0;57.389;0;59.375;0;131.8;40:58.607;16:35:38.846;0:32.654;0:57.389;0:59.375;206.9;;Am;Legends;Toyota Gazoo Racing;GF;32.654;57.389;59.375;20.280;20.280;12.374;32.654;22.104;54.758;35.285;1:30.043;28.604;1:58.647;30.771;2:29.418
16;1;16;2:29.363;0;;32.578;0;56.909;2;59.876;0;131.9;43:27.970;16:38:08.209;0:32.578;0:56.909;0:59.876;206.1;;Am;Legends;Toyota Gazoo Racing;GF;32.578;56.909;59.876;20.196;20.196;12.382;32.578;21.937;54.515;34.972;1:29.487;28.646;1:58.133;31.23;2:29.363
16;1;17;2:30.618;0;;33.645;0;57.236;0;59.737;0;130.8;45:58.588;16:40:38.827;0:33.645;0:57.236;0:59.737;207.7;;Am;Legends;Toyota Gazoo Racing;FF;33.645;57.236;59.737;20.405;20.405;13.24;33.645;22.23;55.875;35.006;1:30.881;28.818;1:59.699;30.919;2:30.618
18;1;1;3:47.239;0;;55.179;0;1:28.348;0;1:23.712;0;86.7;3:47.239;15:58:27.478;0:55.179;1:28.348;1:23.712;118.9;;Am;Legends;Toyota Gazoo Racing;FCY;55.179;88.348;83.712;;;;55.179;31.68;1:26.859;56.668;2:23.527;36.202;2:59.729;47.51;3:47.239
18;1;2;2:49.990;0;;45.696;0;1:01.409;0;1:02.885;0;115.9;6:37.229;16:01:17.468;0:45.696;1:01.409;1:02.885;198.5;;Am;Legends;Toyota Gazoo Racing;GF;45.696;61.409;62.885;30.622;30.622;15.074;45.696;24.443;1:10.139;36.966;1:47.105;29.885;2:16.990;33.0;2:49.990
18;1;3;2:36.823;0;;33.833;0;1:00.943;0;1:02.047;0;125.6;9:14.052;16:03:54.291;0:33.833;1:00.943;1:02.047;200.0;;Am;Legends;Toyota Gazoo Racing;GF;33.833;60.943;62.047;21.094;21.094;12.739;33.833;24.321;58.154;36.622;1:34.776;29.702;2:04.478;32.345;2:36.823
18;1;4;2:36.411;0;;34.131;0;1:00.294;0;1:01.986;0;125.9;11:50.463;16:06:30.702;0:34.131;1:00.294;1:01.986;197.1;;Am;Legends;Toyota Gazoo Racing;GF;34.131;60.294;61.986;20.985;20.985;13.146;34.131;23.401;57.532;36.893;1:34.425;29.796;2:04.221;32.19;2:36.411
18;1;5;2:36.255;0;;34.060;0;1:00.425;0;1:01.770;0;126.1;14:26.718;16:09:06.957;0:34.060;1:00.425;1:01.770;197.1;;Am;Legends;Toyota Gazoo Racing;GF;34.06;60.425;61.77;21.120;21.120;12.94;34.060;23.659;57.719;36.766;1:34.485;30.048;2:04.533;31.722;2:36.255
18;1;6;2:34.848;0;;33.747;0;59.223;0;1:01.878;0;127.2;17:01.566;16:11:41.805;0:33.747;0:59.223;1:01.878;196.4;;Am;Legends;Toyota Gazoo Racing;GF;33.747;59.223;61.878;20.930;20.930;12.817;33.747;22.993;56.740;36.230;1:32.970;29.76;2:02.730;32.118;2:34.848
18;1;7;2:35.915;0;;34.106;0;59.953;0;1:01.856;0;126.3;19:37.481;16:14:17.720;0:34.106;0:59.953;1:01.856;197.1;;Am;Legends;Toyota Gazoo Racing;GF;34.106;59.953;61.856;21.210;21.210;12.896;34.106;23.332;57.438;36.621;1:34.059;29.834;2:03.893;32.022;2:35.915
18;1;8;2:36.707;0;;34.587;0;59.969;0;1:02.151;0;125.7;22:14.188;16:16:54.427;0:34.587;0:59.969;1:02.151;197.1;;Am;Legends;Toyota Gazoo Racing;GF;34.587;59.969;62.151;21.433;21.433;13.154;34.587;23.255;57.842;36.714;1:34.556;30.112;2:04.668;32.039;2:36.707
18;1;9;2:36.960;0;;33.915;0;59.428;0;1:03.617;0;125.5;24:51.148;16:19:31.387;0:33.915;0:59.428;1:03.617;194.2;;Am;Legends;Toyota Gazoo Racing;GF;33.915;59.428;63.617;21.043;21.043;12.872;33.915;23.022;56.937;36.406;1:33.343;31.212;2:04.555;32.405;2:36.960
18;1;10;2:34.765;0;;33.613;0;59.602;0;1:01.550;0;127.3;27:25.913;16:22:06.152;0:33.613;0:59.602;1:01.550;200.0;;Am;Legends;Toyota Gazoo Racing;GF;33.613;59.602;61.55;20.759;20.759;12.854;33.613;23.369;56.982;36.233;1:33.215;29.889;2:03.104;31.661;2:34.765
18;1;11;2:38.677;0;;33.973;0;1:00.160;0;1:04.544;0;124.1;30:04.590;16:24:44.829;0:33.973;1:00.160;1:04.544;186.9;;Am;Legends;Toyota Gazoo Racing;FCY;33.973;60.16;64.544;21.014;21.014;12.959;33.973;23.671;57.644;36.489;1:34.133;31.105;2:05.238;33.439;2:38.677
18;1;12;2:37.025;0;;34.222;0;1:00.072;0;1:02.731;0;125.4;32:41.615;16:27:21.854;0:34.222;1:00.072;1:02.731;197.1;;Am;Legends;Toyota Gazoo Racing;FCY;34.222;60.072;62.731;21.164;21.164;13.058;34.222;23.542;57.764;36.530;1:34.294;30.261;2:04.555;32.47;2:37.025
18;1;13;3:26.894;0;;37.388;0;1:30.804;0;1:18.702;0;95.2;36:08.509;16:30:48.748;0:37.388;1:30.804;1:18.702;98.9;;Am;Legends;Toyota Gazoo Racing;GF;37.388;90.804;78.702;23.407;23.407;13.981;37.388;29.463;1:06.851;1:01.341;2:08.192;39.133;2:47.325;39.569;3:26.894
18;1;14;2:39.026;0;;35.138;0;1:00.941;0;1:02.947;0;123.9;38:47.535;16:33:27.774;0:35.138;1:00.941;1:02.947;201.5;;Am;Legends;Toyota Gazoo Racing;GF;35.138;60.941;62.947;22.165;22.165;12.973;35.138;24.012;59.150;36.929;1:36.079;30.564;2:06.643;32.383;2:39.026
18;1;15;2:34.598;0;;34.157;0;59.098;0;1:01.343;2;127.4;41:22.133;16:36:02.372;0:34.157;0:59.098;1:01.343;199.3;;Am;Legends;Toyota Gazoo Racing;GF;34.157;59.098;61.343;21.106;21.106;13.051;34.157;23.231;57.388;35.867;1:33.255;29.339;2:02.594;32.004;2:34.598
18;1;16;2:33.543;2;;33.551;2;58.470;2;1:01.522;0;128.3;43:55.676;16:38:35.915;0:33.551;0:58.470;1:01.522;196.4;;Am;Legends;Toyota Gazoo Racing;GF;33.551;58.47;61.522;20.743;20.743;12.808;33.551;22.894;56.445;35.576;1:32.021;29.904;2:01.925;31.618;2:33.543
18;1;17;2:44.291;0;;34.015;0;1:07.895;0;1:02.381;0;119.9;46:39.967;16:41:20.206;0:34.015;1:07.895;1:02.381;198.5;;Am;Legends;Toyota Gazoo Racing;FF;34.015;67.895;62.381;20.713;20.713;13.302;34.015;31.6;1:05.615;36.295;1:41.910;30.5;2:12.410;31.881;2:44.291
2;1;1;3:52.412;0;B;47.663;0;1:24.393;2;1:40.356;0;84.8;3:52.412;15:58:32.651;0:47.663;1:24.393;1:40.356;105.9;;Am;;Toyota Gazoo Racing;FCY;47.663;84.393;100.356;;;;47.663;28.74;1:16.403;55.653;2:12.056;42.402;2:54.458;57.954;3:52.412
21;1;1;3:42.783;0;;49.532;0;1:23.674;0;1:29.577;0;88.4;3:42.783;15:58:23.022;0:49.532;1:23.674;1:29.577;93.7;;Am;;Toyota Gazoo Racing;FCY;49.532;83.674;89.577;;;;49.532;30.356;1:19.888;53.318;2:13.206;36.194;2:49.400;53.383;3:42.783
21;1;2;2:43.233;0;;44.807;0;57.778;0;1:00.648;0;120.7;6:26.016;16:01:06.255;0:44.807;0:57.778;1:00.648;203.8;;Am;;Toyota Gazoo Racing;GF;44.807;57.778;60.648;31.471;31.471;13.336;44.807;22.335;1:07.142;35.443;1:42.585;28.96;2:11.545;31.688;2:43.233
21;1;3;2:30.747;0;;33.552;0;57.362;0;59.833;0;130.7;8:56.763;16:03:37.002;0:33.552;0:57.362;0:59.833;206.1;;Am;;Toyota Gazoo Racing;GF;33.552;57.362;59.833;20.686;20.686;12.866;33.552;22.173;55.725;35.189;1:30.914;28.935;1:59.849;30.898;2:30.747
21;1;4;2:30.101;0;;32.633;0;57.424;0;1:00.044;0;131.2;11:26.864;16:06:07.103;0:32.633;0:57.424;1:00.044;208.5;;Am;;Toyota Gazoo Racing;GF;32.633;57.424;60.044;20.224;20.224;12.409;32.633;22.277;54.910;35.147;1:30.057;29.067;1:59.124;30.977;2:30.101
21;1;5;2:30.730;0;;32.698;0;57.818;0;1:00.214;0;130.7;13:57.594;16:08:37.833;0:32.698;0:57.818;1:00.214;199.3;;Am;;Toyota Gazoo Racing;GF;32.698;57.818;60.214;20.289;20.289;12.409;32.698;22.281;54.979;35.537;1:30.516;29.312;1:59.828;30.902;2:30.730
21;1;6;2:29.583;0;;32.809;0;57.337;0;59.437;0;131.7;16:27.177;16:11:07.416;0:32.809;0:57.337;0:59.437;202.2;;Am;;Toyota Gazoo Racing;GF;32.809;57.337;59.437;20.450;20.450;12.359;32.809;22.209;55.018;35.128;1:30.146;28.624;1:58.770;30.813;2:29.583
21;1;7;2:28.989;2;;32.585;0;57.150;0;59.254;2;132.2;18:56.166;16:13:36.405;0:32.585;0:57.150;0:59.254;203.8;;Am;;Toyota Gazoo Racing;GF;32.585;57.15;59.254;20.204;20.204;12.381;32.585;22.012;54.597;35.138;1:29.735;28.464;1:58.199;30.79;2:28.989
21;1;8;2:29.032;0;;32.665;0;56.954;2;59.413;0;132.2;21:25.198;16:16:05.437;0:32.665;0:56.954;0:59.413;205.3;;Am;;Toyota Gazoo Racing;GF;32.665;56.954;59.413;20.288;20.288;12.377;32.665;22.023;54.688;34.931;1:29.619;28.584;1:58.203;30.829;2:29.032
21;1;9;2:29.621;0;;32.444;2;57.418;0;59.759;0;131.7;23:54.819;16:18:35.058;0:32.444;0:57.418;0:59.759;204.5;;Am;;Toyota Gazoo Racing;GF;32.444;57.418;59.759;20.163;20.163;12.281;32.444;22.273;54.717;35.145;1:29.862;28.642;1:58.504;31.117;2:29.621
21;1;10;2:29.929;0;;32.858;0;57.407;0;59.664;0;131.4;26:24.748;16:21:04.987;0:32.858;0:57.407;0:59.664;204.5;;Am;;Toyota Gazoo Racing;GF;32.858;57.407;59.664;20.315;20.315;12.543;32.858;22.313;55.171;35.094;1:30.265;28.69;1:58.955;30.974;2:29.929
21;1;11;2:29.991;0;;32.757;0;57.325;0;59.909;0;131.3;28:54.739;16:23:34.978;0:32.757;0:57.325;0:59.909;203.8;;Am;;Toyota Gazoo Racing;FCY;32.757;57.325;59.909;20.265;20.265;12.492;32.757;22.175;54.932;35.150;1:30.082;28.812;1:58.894;31.097;2:29.991
21;1;12;3:23.924;0;;37.607;0;1:23.937;0;1:22.380;0;96.6;32:18.663;16:26:58.902;0:37.607;1:23.937;1:22.380;103.3;;Am;;Toyota Gazoo Racing;FCY;37.607;83.937;82.38;21.913;21.913;15.694;37.607;26.773;1:04.380;57.164;2:01.544;36.405;2:37.949;45.975;3:23.924
21;1;13;3:42.609;0;;49.075;0;1:30.683;0;1:22.851;0;88.5;36:01.272;16:30:41.511;0:49.075;1:30.683;1:22.851;78.7;;Am;;Toyota Gazoo Racing;GF;49.075;90.683;82.851;31.427;31.427;17.648;49.075;31.032;1:20.107;59.651;2:19.758;35.82;2:55.578;47.031;3:42.609
21;1;14;2:31.319;0;;33.260;0;58.177;0;59.882;0;130.2;38:32.591;16:33:12.830;0:33.260;0:58.177;0:59.882;207.7;;Am;;Toyota Gazoo Racing;GF;33.26;58.177;59.882;20.531;20.531;12.729;33.260;22.959;56.219;35.218;1:31.437;28.894;2:00.331;30.988;2:31.319
21;1;15;2:30.304;0;;32.913;0;57.762;0;59.629;0;131.1;41:02.895;16:35:43.134;0:32.913;0:57.762;0:59.629;206.1;;Am;;Toyota Gazoo Racing;GF;32.913;57.762;59.629;20.569;20.569;12.344;32.913;22.534;55.447;35.228;1:30.675;28.795;1:59.470;30.834;2:30.304
21;1;16;2:29.756;0;;32.893;0;57.479;0;59.384;0;131.5;43:32.651;16:38:12.890;0:32.893;0:57.479;0:59.384;206.1;;Am;;Toyota Gazoo Racing;GF;32.893;57.479;59.384;20.444;20.444;12.449;32.893;22.018;54.911;35.461;1:30.372;28.609;1:58.981;30.775;2:29.756
21;1;17;2:31.697;0;;32.501;0;57.815;0;1:01.381;0;129.9;46:04.348;16:40:44.587;0:32.501;0:57.815;1:01.381;207.7;;Am;;Toyota Gazoo Racing;FF;32.501;57.815;61.381;20.117;20.117;12.384;32.501;22.739;55.240;35.076;1:30.316;29.408;1:59.724;31.973;2:31.697
3;1;1;3:45.016;0;;51.110;0;1:27.200;0;1:26.706;0;87.5;3:45.016;15:58:25.255;0:51.110;1:27.200;1:26.706;102.1;;Am;Legends ;Toyota Gazoo Racing;FCY;51.11;87.2;86.706;;;;51.110;28.886;1:19.996;58.314;2:18.310;37.845;2:56.155;48.861;3:45.016
3;1;2;2:47.237;0;;44.356;0;1:00.329;0;1:02.552;0;117.8;6:32.253;16:01:12.492;0:44.356;1:00.329;1:02.552;202.2;;Am;Legends ;Toyota Gazoo Racing;GF;44.356;60.329;62.552;30.884;30.884;13.472;44.356;24.019;1:08.375;36.310;1:44.685;29.98;2:14.665;32.572;2:47.237
3;1;3;2:32.634;0;;33.880;0;58.394;0;1:00.360;0;129.1;9:04.887;16:03:45.126;0:33.880;0:58.394;1:00.360;205.3;;Am;Legends ;Toyota Gazoo Racing;GF;33.88;58.394;60.36;21.045;21.045;12.835;33.880;22.701;56.581;35.693;1:32.274;29.297;2:01.571;31.063;2:32.634
3;1;4;2:32.869;0;;33.431;0;58.808;0;1:00.630;0;128.9;11:37.756;16:06:17.995;0:33.431;0:58.808;1:00.630;201.5;;Am;Legends ;Toyota Gazoo Racing;GF;33.431;58.808;60.63;20.796;20.796;12.635;33.431;23.111;56.542;35.697;1:32.239;29.345;2:01.584;31.285;2:32.869
3;1;5;2:32.654;0;;33.122;0;58.989;0;1:00.543;0;129.0;14:10.410;16:08:50.649;0:33.122;0:58.989;1:00.543;200.0;;Am;Legends ;Toyota Gazoo Racing;GF;33.122;58.989;60.543;20.687;20.687;12.435;33.122;23.052;56.174;35.937;1:32.111;29.352;2:01.463;31.191;2:32.654
3;1;6;2:31.387;0;;32.914;2;58.317;0;1:00.156;0;130.1;16:41.797;16:11:22.036;0:32.914;0:58.317;1:00.156;200.7;;Am;Legends ;Toyota Gazoo Racing;GF;32.914;58.317;60.156;20.435;20.435;12.479;32.914;22.453;55.367;35.864;1:31.231;29.195;2:00.426;30.961;2:31.387
3;1;7;2:31.641;0;;33.072;0;57.960;0;1:00.609;0;129.9;19:13.438;16:13:53.677;0:33.072;0:57.960;1:00.609;203.8;;Am;Legends ;Toyota Gazoo Racing;GF;33.072;57.96;60.609;20.586;20.586;12.486;33.072;22.653;55.725;35.307;1:31.032;29.244;2:00.276;31.365;2:31.641
3;1;8;2:31.769;0;;33.018;0;58.185;0;1:00.566;0;129.8;21:45.207;16:16:25.446;0:33.018;0:58.185;1:00.566;203.8;;Am;Legends ;Toyota Gazoo Racing;GF;33.018;58.185;60.566;20.535;20.535;12.483;33.018;22.585;55.603;35.600;1:31.203;29.221;2:00.424;31.345;2:31.769
3;1;9;2:32.891;0;;33.139;0;58.339;0;1:01.413;0;128.8;24:18.098;16:18:58.337;0:33.139;0:58.339;1:01.413;200.7;;Am;Legends ;Toyota Gazoo Racing;GF;33.139;58.339;61.413;20.706;20.706;12.433;33.139;22.587;55.726;35.752;1:31.478;29.978;2:01.456;31.435;2:32.891
3;1;10;2:31.035;2;;33.122;0;57.876;0;1:00.037;2;130.4;26:49.133;16:21:29.372;0:33.122;0:57.876;1:00.037;200.0;;Am;Legends ;Toyota Gazoo Racing;GF;33.122;57.876;60.037;20.650;20.650;12.472;33.122;22.374;55.496;35.502;1:30.998;28.914;1:59.912;31.123;2:31.035
3;1;11;2:32.918;0;;33.117;0;58.160;0;1:01.641;0;128.8;29:22.051;16:24:02.290;0:33.117;0:58.160;1:01.641;200.0;;Am;Legends ;Toyota Gazoo Racing;FCY;33.117;58.16;61.641;20.654;20.654;12.463;33.117;22.497;55.614;35.663;1:31.277;29.015;2:00.292;32.626;2:32.918
3;1;12;3:02.216;0;;33.447;0;1:08.053;0;1:20.716;0;108.1;32:24.267;16:27:04.506;0:33.447;1:08.053;1:20.716;106.7;;Am;Legends ;Toyota Gazoo Racing;FCY;33.447;68.053;80.716;20.882;20.882;12.565;33.447;22.634;56.081;45.419;1:41.500;35.977;2:17.477;44.739;3:02.216
3;1;13;3:40.618;0;;48.983;0;1:30.576;0;1:21.059;0;89.3;36:04.885;16:30:45.124;0:48.983;1:30.576;1:21.059;92.3;;Am;Legends ;Toyota Gazoo Racing;GF;48.983;90.576;81.059;33.054;33.054;15.929;48.983;30.363;1:19.346;1:00.213;2:19.559;36.156;2:55.715;44.903;3:40.618
3;1;14;2:31.913;0;;33.338;0;57.913;0;1:00.662;0;129.7;38:36.798;16:33:17.037;0:33.338;0:57.913;1:00.662;207.7;;Am;Legends ;Toyota Gazoo Racing;GF;33.338;57.913;60.662;20.789;20.789;12.549;33.338;22.42;55.758;35.493;1:31.251;29.359;2:00.610;31.303;2:31.913
3;1;15;2:32.195;0;;33.188;0;57.685;0;1:01.322;0;129.4;41:08.993;16:35:49.232;0:33.188;0:57.685;1:01.322;208.5;;Am;Legends ;Toyota Gazoo Racing;GF;33.188;57.685;61.322;20.607;20.607;12.581;33.188;22.417;55.605;35.268;1:30.873;29.218;2:00.091;32.104;2:32.195
3;1;16;2:31.465;0;;33.166;0;57.800;0;1:00.499;0;130.1;43:40.458;16:38:20.697;0:33.166;0:57.800;1:00.499;205.3;;Am;Legends ;Toyota Gazoo Racing;GF;33.166;57.8;60.499;20.792;20.792;12.374;33.166;22.562;55.728;35.238;1:30.966;29.275;2:00.241;31.224;2:31.465
3;1;17;2:31.475;0;;33.087;0;57.593;2;1:00.795;0;130.0;46:11.933;16:40:52.172;0:33.087;0:57.593;1:00.795;201.5;;Am;Legends ;Toyota Gazoo Racing;FF;33.087;57.593;60.795;20.681;20.681;12.406;33.087;22.023;55.110;35.570;1:30.680;29.327;2:00.007;31.468;2:31.475
31;1;1;3:43.327;0;;50.240;0;1:24.373;0;1:28.714;0;88.2;3:43.327;15:58:23.566;0:50.240;1:24.373;1:28.714;92.2;;Am;;Toyota Gazoo Racing;FCY;50.24;84.373;88.714;;;;50.240;31.269;1:21.509;53.104;2:14.613;36.365;2:50.978;52.349;3:43.327
31;1;2;2:49.529;0;;45.472;0;1:00.587;0;1:03.470;0;116.2;6:32.856;16:01:13.095;0:45.472;1:00.587;1:03.470;201.5;;Am;;Toyota Gazoo Racing;GF;45.472;60.587;63.47;31.885;31.885;13.587;45.472;23.672;1:09.144;36.915;1:46.059;30.406;2:16.465;33.064;2:49.529
31;1;3;2:43.327;0;B;33.843;0;1:00.283;0;1:09.201;0;120.6;9:16.183;16:03:56.422;0:33.843;1:00.283;1:09.201;196.4;;Am;;Toyota Gazoo Racing;GF;33.843;60.283;69.201;21.123;21.123;12.72;33.843;23.787;57.630;36.496;1:34.126;30.61;2:04.736;38.591;2:43.327
31;1;4;4:08.091;0;;2:04.162;0;1:00.329;0;1:03.600;0;79.4;13:24.274;16:08:04.513;2:04.162;1:00.329;1:03.600;197.8;0:01:43.847;Am;;Toyota Gazoo Racing;GF;124.162;60.329;63.6;1:51.281;1:51.281;12.881;2:04.162;23.733;2:27.895;36.596;3:04.491;30.893;3:35.384;32.707;4:08.091
31;1;5;2:43.425;0;B;33.795;0;1:00.595;0;1:09.035;0;120.5;16:07.699;16:10:47.938;0:33.795;1:00.595;1:09.035;198.5;;Am;;Toyota Gazoo Racing;GF;33.795;60.595;69.035;21.045;21.045;12.75;33.795;23.871;57.666;36.724;1:34.390;30.864;2:05.254;38.171;2:43.425
31;1;6;12:21.996;0;;10:23.187;0;58.584;0;1:00.225;0;26.5;28:29.695;16:23:09.934;10:23.187;0:58.584;1:00.225;200.0;0:10:02.978;Am;;Toyota Gazoo Racing;GF;623.187;58.584;60.225;10:10.394;10:10.394;12.793;10:23.187;22.893;10:46.080;35.691;11:21.771;29.379;11:51.150;30.846;12:21.996
31;1;7;2:32.717;0;;33.155;0;59.011;0;1:00.551;0;129.0;31:02.412;16:25:42.651;0:33.155;0:59.011;1:00.551;198.5;;Am;;Toyota Gazoo Racing;FCY;33.155;59.011;60.551;20.596;20.596;12.559;33.155;22.895;56.050;36.116;1:32.166;29.26;2:01.426;31.291;2:32.717
31;1;8;2:32.924;0;;32.999;0;1:00.021;0;59.904;0;128.8;33:35.336;16:28:15.575;0:32.999;1:00.021;0:59.904;197.1;;Am;;Toyota Gazoo Racing;FCY;32.999;60.021;59.904;20.450;20.450;12.549;32.999;22.145;55.144;37.876;1:33.020;28.882;2:01.902;31.022;2:32.924
31;1;9;2:34.138;0;;33.073;0;59.026;0;1:02.039;0;127.8;36:09.474;16:30:49.713;0:33.073;0:59.026;1:02.039;190.1;;Am;;Toyota Gazoo Racing;GF;33.073;59.026;62.039;20.584;20.584;12.489;33.073;22.992;56.065;36.034;1:32.099;29.067;2:01.166;32.972;2:34.138
31;1;10;2:33.363;0;;33.290;0;59.869;0;1:00.204;0;128.4;38:42.837;16:33:23.076;0:33.290;0:59.869;1:00.204;202.2;;Am;;Toyota Gazoo Racing;GF;33.29;59.869;60.204;20.591;20.591;12.699;33.290;24.126;57.416;35.743;1:33.159;29.24;2:02.399;30.964;2:33.363
31;1;11;2:31.057;0;;32.939;0;58.321;0;59.797;0;130.4;41:13.894;16:35:54.133;0:32.939;0:58.321;0:59.797;206.1;;Am;;Toyota Gazoo Racing;GF;32.939;58.321;59.797;20.185;20.185;12.754;32.939;23.239;56.178;35.082;1:31.260;28.892;2:00.152;30.905;2:31.057
31;1;12;2:30.680;0;;32.802;0;57.684;2;1:00.194;0;130.7;43:44.574;16:38:24.813;0:32.802;0:57.684;1:00.194;204.5;;Am;;Toyota Gazoo Racing;GF;32.802;57.684;60.194;20.290;20.290;12.512;32.802;22.459;55.261;35.225;1:30.486;28.744;1:59.230;31.45;2:30.680
31;1;13;2:30.244;2;;32.732;2;57.761;0;59.751;2;131.1;46:14.818;16:40:55.057;0:32.732;0:57.761;0:59.751;205.3;;Am;;Toyota Gazoo Racing;FF;32.732;57.761;59.751;20.285;20.285;12.447;32.732;22.381;55.113;35.380;1:30.493;28.709;1:59.202;31.042;2:30.244
41;1;1;3:42.681;0;;49.654;0;1:23.902;0;1:29.125;0;88.5;3:42.681;15:58:22.920;0:49.654;1:23.902;1:29.125;95.1;;Am;;Toyota Gazoo Racing;FCY;49.654;83.902;89.125;;;;49.654;30.662;1:20.316;53.240;2:13.556;36.269;2:49.825;52.856;3:42.681
41;1;2;2:42.066;0;;44.605;0;57.730;0;59.731;0;121.5;6:24.747;16:01:04.986;0:44.605;0:57.730;0:59.731;206.9;;Am;;Toyota Gazoo Racing;GF;44.605;57.73;59.731;31.466;31.466;13.139;44.605;22.349;1:06.954;35.381;1:42.335;28.818;2:11.153;30.913;2:42.066
41;1;3;2:30.033;0;;32.727;0;57.834;0;59.472;0;131.3;8:54.780;16:03:35.019;0:32.727;0:57.834;0:59.472;205.3;;Am;;Toyota Gazoo Racing;GF;32.727;57.834;59.472;20.296;20.296;12.431;32.727;22.501;55.228;35.333;1:30.561;28.767;1:59.328;30.705;2:30.033
41;1;4;2:30.420;0;;32.784;0;58.078;0;59.558;0;131.0;11:25.200;16:06:05.439;0:32.784;0:58.078;0:59.558;198.5;;Am;;Toyota Gazoo Racing;GF;32.784;58.078;59.558;20.427;20.427;12.357;32.784;22.459;55.243;35.619;1:30.862;28.633;1:59.495;30.925;2:30.420
41;1;5;2:30.333;0;;32.646;0;58.031;0;59.656;0;131.0;13:55.533;16:08:35.772;0:32.646;0:58.031;0:59.656;203.8;;Am;;Toyota Gazoo Racing;GF;32.646;58.031;59.656;20.329;20.329;12.317;32.646;22.593;55.239;35.438;1:30.677;28.648;1:59.325;31.008;2:30.333
41;1;6;2:29.880;0;;32.683;0;57.888;0;59.309;0;131.4;16:25.413;16:11:05.652;0:32.683;0:57.888;0:59.309;202.2;;Am;;Toyota Gazoo Racing;GF;32.683;57.888;59.309;20.352;20.352;12.331;32.683;22.559;55.242;35.329;1:30.571;28.42;1:58.991;30.889;2:29.880
41;1;7;2:29.262;2;;32.536;0;57.521;0;59.205;2;132.0;18:54.675;16:13:34.914;0:32.536;0:57.521;0:59.205;203.8;;Am;;Toyota Gazoo Racing;GF;32.536;57.521;59.205;20.213;20.213;12.323;32.536;22.301;54.837;35.220;1:30.057;28.485;1:58.542;30.72;2:29.262
41;1;8;2:29.337;0;;32.574;0;57.513;0;59.250;0;131.9;21:24.012;16:16:04.251;0:32.574;0:57.513;0:59.250;203.0;;Am;;Toyota Gazoo Racing;GF;32.574;57.513;59.25;20.306;20.306;12.268;32.574;22.327;54.901;35.186;1:30.087;28.496;1:58.583;30.754;2:29.337
41;1;9;2:29.524;0;;32.739;0;57.452;0;59.333;0;131.7;23:53.536;16:18:33.775;0:32.739;0:57.452;0:59.333;202.2;;Am;;Toyota Gazoo Racing;GF;32.739;57.452;59.333;20.395;20.395;12.344;32.739;22.408;55.147;35.044;1:30.191;28.586;1:58.777;30.747;2:29.524
41;1;10;2:29.497;0;;32.470;0;57.646;0;59.381;0;131.8;26:23.033;16:21:03.272;0:32.470;0:57.646;0:59.381;203.0;;Am;;Toyota Gazoo Racing;GF;32.47;57.646;59.381;20.165;20.165;12.305;32.470;22.428;54.898;35.218;1:30.116;28.325;1:58.441;31.056;2:29.497
41;1;11;2:29.676;0;;32.633;0;57.716;0;59.327;0;131.6;28:52.709;16:23:32.948;0:32.633;0:57.716;0:59.327;201.5;;Am;;Toyota Gazoo Racing;FCY;32.633;57.716;59.327;20.316;20.316;12.317;32.633;22.335;54.968;35.381;1:30.349;28.506;1:58.855;30.821;2:29.676
41;1;12;3:24.853;0;;38.587;0;1:23.802;0;1:22.464;0;96.2;32:17.562;16:26:57.801;0:38.587;1:23.802;1:22.464;104.4;;Am;;Toyota Gazoo Racing;FCY;38.587;83.802;82.464;20.683;20.683;17.904;38.587;26.428;1:05.015;57.374;2:02.389;36.358;2:38.747;46.106;3:24.853
41;1;13;3:43.197;0;;49.312;0;1:30.486;0;1:23.399;0;88.3;36:00.759;16:30:40.998;0:49.312;1:30.486;1:23.399;85.4;;Am;;Toyota Gazoo Racing;GF;49.312;90.486;83.399;31.212;31.212;18.1;49.312;30.714;1:20.026;59.772;2:19.798;35.903;2:55.701;47.496;3:43.197
41;1;14;2:31.665;0;;33.397;0;58.089;0;1:00.179;0;129.9;38:32.424;16:33:12.663;0:33.397;0:58.089;1:00.179;206.9;;Am;;Toyota Gazoo Racing;GF;33.397;58.089;60.179;20.677;20.677;12.72;33.397;22.887;56.284;35.202;1:31.486;29.096;2:00.582;31.083;2:31.665
41;1;15;2:30.188;0;;32.826;0;57.738;0;59.624;0;131.2;41:02.612;16:35:42.851;0:32.826;0:57.738;0:59.624;206.1;;Am;;Toyota Gazoo Racing;GF;32.826;57.738;59.624;20.459;20.459;12.367;32.826;22.581;55.407;35.157;1:30.564;28.842;1:59.406;30.782;2:30.188
41;1;16;2:29.356;0;;32.688;0;57.199;2;59.469;0;131.9;43:31.968;16:38:12.207;0:32.688;0:57.199;0:59.469;208.5;;Am;;Toyota Gazoo Racing;GF;32.688;57.199;59.469;20.359;20.359;12.329;32.688;22.251;54.939;34.948;1:29.887;28.551;1:58.438;30.918;2:29.356
41;1;17;2:31.563;0;;32.413;2;58.799;0;1:00.351;0;130.0;46:03.531;16:40:43.770;0:32.413;0:58.799;1:00.351;210.9;;Am;;Toyota Gazoo Racing;FF;32.413;58.799;60.351;20.128;20.128;12.285;32.413;23.768;56.181;35.031;1:31.212;28.992;2:00.204;31.359;2:31.563
46;1;1;3:41.204;0;;46.892;0;1:22.629;0;1:31.683;0;89.1;3:41.204;15:58:21.443;0:46.892;1:22.629;1:31.683;97.3;;Am;;Toyota Gazoo Racing;FCY;46.892;82.629;91.683;;;;46.892;27.344;1:14.236;55.285;2:09.521;35.805;2:45.326;55.878;3:41.204
46;1;2;2:40.534;0;;43.782;0;57.221;0;59.531;0;122.7;6:21.738;16:01:01.977;0:43.782;0:57.221;0:59.531;200.7;;Am;;Toyota Gazoo Racing;GF;43.782;57.221;59.531;31.200;31.200;12.582;43.782;21.902;1:05.684;35.319;1:41.003;28.72;2:09.723;30.811;2:40.534
46;1;3;2:30.039;0;;32.850;0;57.345;0;59.844;0;131.3;8:51.777;16:03:32.016;0:32.850;0:57.345;0:59.844;202.2;;Am;;Toyota Gazoo Racing;GF;32.85;57.345;59.844;20.416;20.416;12.434;32.850;22.063;54.913;35.282;1:30.195;29.083;1:59.278;30.761;2:30.039
46;1;4;2:30.143;0;;33.294;0;57.367;0;59.482;0;131.2;11:21.920;16:06:02.159;0:33.294;0:57.367;0:59.482;204.5;;Am;;Toyota Gazoo Racing;GF;33.294;57.367;59.482;20.841;20.841;12.453;33.294;22.143;55.437;35.224;1:30.661;28.738;1:59.399;30.744;2:30.143
46;1;5;2:29.095;0;;32.575;0;57.083;0;59.437;0;132.1;13:51.015;16:08:31.254;0:32.575;0:57.083;0:59.437;203.8;;Am;;Toyota Gazoo Racing;GF;32.575;57.083;59.437;20.263;20.263;12.312;32.575;21.949;54.524;35.134;1:29.658;28.684;1:58.342;30.753;2:29.095
46;1;6;2:29.007;0;;32.591;0;57.419;0;58.997;0;132.2;16:20.022;16:11:00.261;0:32.591;0:57.419;0:58.997;203.0;;Am;;Toyota Gazoo Racing;GF;32.591;57.419;58.997;20.224;20.224;12.367;32.591;22.119;54.710;35.300;1:30.010;28.242;1:58.252;30.755;2:29.007
46;1;7;2:28.933;0;;32.547;0;57.441;0;58.945;2;132.3;18:48.955;16:13:29.194;0:32.547;0:57.441;0:58.945;202.2;;Am;;Toyota Gazoo Racing;GF;32.547;57.441;58.945;20.234;20.234;12.313;32.547;22.137;54.684;35.304;1:29.988;28.296;1:58.284;30.649;2:28.933
46;1;8;2:28.630;3;;32.555;0;56.907;0;59.168;0;132.5;21:17.585;16:15:57.824;0:32.555;0:56.907;0:59.168;203.8;;Am;;Toyota Gazoo Racing;GF;32.555;56.907;59.168;20.249;20.249;12.306;32.555;21.88;54.435;35.027;1:29.462;28.348;1:57.810;30.82;2:28.630
46;1;9;2:28.659;0;;32.576;0;56.873;0;59.210;0;132.5;23:46.244;16:18:26.483;0:32.576;0:56.873;0:59.210;204.5;;Am;;Toyota Gazoo Racing;GF;32.576;56.873;59.21;20.235;20.235;12.341;32.576;21.837;54.413;35.036;1:29.449;28.431;1:57.880;30.779;2:28.659
46;1;10;2:28.796;0;;32.531;2;57.105;0;59.160;0;132.4;26:15.040;16:20:55.279;0:32.531;0:57.105;0:59.160;204.5;;Am;;Toyota Gazoo Racing;GF;32.531;57.105;59.16;20.185;20.185;12.346;32.531;21.984;54.515;35.121;1:29.636;28.486;1:58.122;30.674;2:28.796
46;1;11;2:29.011;0;;32.559;0;57.231;0;59.221;0;132.2;28:44.051;16:23:24.290;0:32.559;0:57.231;0:59.221;205.3;;Am;;Toyota Gazoo Racing;GF;32.559;57.231;59.221;20.182;20.182;12.377;32.559;21.969;54.528;35.262;1:29.790;28.506;1:58.296;30.715;2:29.011
46;1;12;3:29.328;0;;42.824;0;1:23.063;0;1:23.441;0;94.1;32:13.379;16:26:53.618;0:42.824;1:23.063;1:23.441;105.5;;Am;;Toyota Gazoo Racing;FCY;42.824;83.063;83.441;23.637;23.637;19.187;42.824;26.91;1:09.734;56.153;2:05.887;36.347;2:42.234;47.094;3:29.328
46;1;13;3:45.413;0;;49.974;0;1:30.381;0;1:25.058;0;87.4;35:58.792;16:30:39.031;0:49.974;1:30.381;1:25.058;86.5;;Am;;Toyota Gazoo Racing;FCY;49.974;90.381;85.058;29.626;29.626;20.348;49.974;29.997;1:19.971;1:00.384;2:20.355;37.086;2:57.441;47.972;3:45.413
46;1;14;2:29.258;0;;32.882;0;57.075;0;59.301;0;132.0;38:28.050;16:33:08.289;0:32.882;0:57.075;0:59.301;206.9;;Am;;Toyota Gazoo Racing;GF;32.882;57.075;59.301;20.396;20.396;12.486;32.882;22.105;54.987;34.970;1:29.957;28.428;1:58.385;30.873;2:29.258
46;1;15;2:29.935;0;;32.706;0;57.113;0;1:00.116;0;131.4;40:57.985;16:35:38.224;0:32.706;0:57.113;1:00.116;208.5;;Am;;Toyota Gazoo Racing;GF;32.706;57.113;60.116;20.320;20.320;12.386;32.706;21.924;54.630;35.189;1:29.819;29.265;1:59.084;30.851;2:29.935
46;1;16;2:29.558;0;;32.572;0;56.745;2;1:00.241;0;131.7;43:27.543;16:38:07.782;0:32.572;0:56.745;1:00.241;206.9;;Am;;Toyota Gazoo Racing;GF;32.572;56.745;60.241;20.282;20.282;12.29;32.572;21.826;54.398;34.919;1:29.317;28.57;1:57.887;31.671;2:29.558
46;1;17;2:30.032;0;;33.555;0;57.202;0;59.275;0;131.3;45:57.575;16:40:37.814;0:33.555;0:57.202;0:59.275;204.5;;Am;;Toyota Gazoo Racing;FF;33.555;57.202;59.275;20.770;20.770;12.785;33.555;22.043;55.598;35.159;1:30.757;28.473;1:59.230;30.802;2:30.032
