expire_at,lap,meta_event,meta_session,meta_source,meta_time,original_vehicle_id,outing,telemetry_name,telemetry_value,timestamp,vehicle_id,vehicle_number
,1,I_R02_2025-04-27,R2,kafka:gr-raw,2025-04-27T17:14:58.153Z,GR86-002-2,0,accx_can,0.229,2025-04-25T00:31:49.672Z,GR86-002-2,2
,1,I_R02_2025-04-27,R2,kafka:gr-raw,2025-04-27T17:14:58.153Z,GR86-002-2,0,accy_can,-0.027,2025-04-25T00:31:49.672Z,GR86-002-2,2
,1,I_R02_2025-04-27,R2,kafka:gr-raw,2025-04-27T17:14:58.153Z,GR86-002-2,0,ath,100.01,2025-04-25T00:31:49.672Z,GR86-002-2,2
,1,I_R02_2025-04-27,R2,kafka:gr-raw,2025-04-27T17:14:58.153Z,GR86-002-2,0,pbrake_r,0.0,2025-04-25T00:31:49.672Z,GR86-002-2,2
,1,I_R02_2025-04-27,R2,kafka:gr-raw,2025-04-27T17:14:58.153Z,GR86-002-2,0,pbrake_f,0.0,2025-04-25T00:31:49.672Z,GR86-002-2,2
,1,I_R02_2025-04-27,R2,kafka:gr-raw,2025-04-27T17:14:58.153Z,GR86-002-2,0,gear,2.0,2025-04-25T00:31:49.672Z,GR86-002-2,2
,1,I_R02_2025-04-27,R2,kafka:gr-raw,2025-04-27T17:14:58.153Z,GR86-002-2,0,Steering_Angle,-0.5,2025-04-25T00:31:49.672Z,GR86-002-2,2
,1,I_R02_2025-04-27,R2,kafka:gr-raw,2025-04-27T17:14:58.153Z,GR86-002-2,0,accx_can,0.24,2025-04-25T00:31:49.629Z,GR86-002-2,2
,1,I_R02_2025-04-27,R2,kafka:gr-raw,2025-04-27T17:14:58.153Z,GR86-002-2,0,accy_can,-0.024,2025-04-25T00:31:49.629Z,GR86-002-2,2
,1,I_R02_2025-04-27,R2,kafka:gr-raw,2025-04-27T17:14:58.153Z,GR86-002-2,0,ath,99.97,2025-04-25T00:31:49.629Z,GR86-002-2,2
,1,I_R02_2025-04-27,R2,kafka:gr-raw,2025-04-27T17:14:58.153Z,GR86-002-2,0,pbrake_r,0.0,2025-04-25T00:31:49.629Z,GR86-002-2,2
,1,I_R02_2025-04-27,R2,kafka:gr-raw,2025-04-27T17:14:58.153Z,GR86-002-2,0,pbrake_f,0.0,2025-04-25T00:31:49.629Z,GR86-002-2,2
,1,I_R02_2025-04-27,R2,kafka:gr-raw,2025-04-27T17:14:58.153Z,GR86-002-2,0,gear,2.0,2025-04-25T00:31:49.629Z,GR86-002-2,2
,1,I_R02_2025-04-27,R2,kafka:gr-raw,2025-04-27T17:14:58.153Z,GR86-002-2,0,Steering_Angle,-1.4,2025-04-25T00:31:49.629Z,GR86-002-2,2
,1,I_R02_2025-04-27,R2,kafka:gr-raw,2025-04-27T17:14:58.152Z,GR86-002-2,0,accx_can,0.221,2025-04-25T00:31:49.583Z,GR86-002-2,2
,1,I_R02_2025-04-27,R2,kafka:gr-raw,2025-04-27T17:14:58.152Z,GR86-002-2,0,accy_can,-0.023,2025-04-25T00:31:49.583Z,GR86-002-2,2
,1,I_R02_2025-04-27,R2,kafka:gr-raw,2025-04-27T17:14:58.152Z,GR86-002-2,0,ath,99.97,2025-04-25T00:31:49.583Z,GR86-002-2,2
,1,I_R02_2025-04-27,R2,kafka:gr-raw,2025-04-27T17:14:58.152Z,GR86-002-2,0,pbrake_r,0.0,2025-04-25T00:31:49.583Z,GR86-002-2,2
,1,I_R02_2025-04-27,R2,kafka:gr-raw,2025-04-27T17:14:58.152Z,GR86-002-2,0,pbrake_f,0.0,2025-04-25T00:31:49.583Z,GR86-002-2,2
,1,I_R02_2025-04-27,R2,kafka:gr-raw,2025-04-27T17:14:58.152Z,GR86-002-2,0,gear,2.0,2025-04-25T00:31:49.583Z,GR86-002-2,2
,1,I_R02_2025-04-27,R2,kafka:gr-raw,2025-04-27T17:14:58.152Z,GR86-002-2,0,Steering_Angle,-1.7000000000000002,2025-04-25T00:31:49.583Z,GR86-002-2,2
,1,I_R02_2025-04-27,R2,kafka:gr-raw,2025-04-27T17:14:58.152Z,GR86-002-2,0,accx_can,0.214,2025-04-25T00:31:49.538Z,GR86-002-2,2
,1,I_R02_2025-04-27,R2,kafka:gr-raw,2025-04-27T17:14:58.152Z,GR86-002-2,0,accy_can,-0.037,2025-04-25T00:31:49.538Z,GR86-002-2,2
,1,I_R02_2025-04-27,R2,kafka:gr-raw,2025-04-27T17:14:58.152Z,GR86-002-2,0,ath,99.99,2025-04-25T00:31:49.538Z,GR86-002-2,2
,1,I_R02_2025-04-27,R2,kafka:gr-raw,2025-04-27T17:14:58.152Z,GR86-002-2,0,pbrake_r,0.0,2025-04-25T00:31:49.538Z,GR86-002-2,2
,1,I_R02_2025-04-27,R2,kafka:gr-raw,2025-04-27T17:14:58.152Z,GR86-002-2,0,pbrake_f,0.0,2025-04-25T00:31:49.538Z,GR86-002-2,2
,1,I_R02_2025-04-27,R2,kafka:gr-raw,2025-04-27T17:14:58.152Z,GR86-002-2,0,gear,2.0,2025-04-25T00:31:49.538Z,GR86-002-2,2
,1,I_R02_2025-04-27,R2,kafka:gr-raw,2025-04-27T17:14:58.152Z,GR86-002-2,0,Steering_Angle,-1.7000000000000002,2025-04-25T00:31:49.538Z,GR86-002-2,2
,1,I_R02_2025-04-27,R2,kafka:gr-raw,2025-04-27T17:14:58.152Z,GR86-002-2,0,nmot,6993.0,2025-04-25T00:31:49.494Z,GR86-002-2,2
,1,I_R02_2025-04-27,R2,kafka:gr-raw,2025-04-27T17:14:58.152Z,GR86-002-2,0,speed,121.17,2025-04-25T00:31:49.494Z,GR86-002-2,2
,1,I_R02_2025-04-27,R2,kafka:gr-raw,2025-04-27T17:14:58.152Z,GR86-002-2,0,accx_can,0.214,2025-04-25T00:31:49.494Z,GR86-002-2,2
,1,I_R02_2025-04-27,R2,kafka:gr-raw,2025-04-27T17:14:58.152Z,GR86-002-2,0,accy_can,-0.025,2025-04-25T00:31:49.494Z,GR86-002-2,2
,1,I_R02_2025-04-27,R2,kafka:gr-raw,2025-04-27T17:14:58.152Z,GR86-002-2,0,ath,100.01,2025-04-25T00:31:49.494Z,GR86-002-2,2
,1,I_R02_2025-04-27,R2,kafka:gr-raw,2025-04-27T17:14:58.152Z,GR86-002-2,0,pbrake_r,0.0,2025-04-25T00:31:49.494Z,GR86-002-2,2
,1,I_R02_2025-04-27,R2,kafka:gr-raw,2025-04-27T17:14:58.152Z,GR86-002-2,0,pbrake_f,0.0,2025-04-25T00:31:49.494Z,GR86-002-2,2
,1,I_R02_2025-04-27,R2,kafka:gr-raw,2025-04-27T17:14:58.152Z,GR86-002-2,0,gear,2.0,2025-04-25T00:31:49.494Z,GR86-002-2,2
,1,I_R02_2025-04-27,R2,kafka:gr-raw,2025-04-27T17:14:58.152Z,GR86-002-2,0,Steering_Angle,-1.1,2025-04-25T00:31:49.494Z,GR86-002-2,2
,1,I_R02_2025-04-27,R2,kafka:gr-raw,2025-04-27T17:14:58.152Z,GR86-002-2,0,accx_can,0.244,2025-04-25T00:31:49.451Z,GR86-002-2,2
,1,I_R02_2025-04-27,R2,kafka:gr-raw,2025-04-27T17:14:58.152Z,GR86-002-2,0,accy_can,-0.006,2025-04-25T00:31:49.451Z,GR86-002-2,2
,1,I_R02_2025-04-27,R2,kafka:gr-raw,2025-04-27T17:14:58.152Z,GR86-002-2,0,ath,99.99,2025-04-25T00:31:49.451Z,GR86-002-2,2
,1,I_R02_2025-04-27,R2,kafka:gr-raw,2025-04-27T17:14:58.152Z,GR86-002-2,0,pbrake_r,0.0,2025-04-25T00:31:49.451Z,GR86-002-2,2
,1,I_R02_2025-04-27,R2,kafka:gr-raw,2025-04-27T17:14:58.152Z,GR86-002-2,0,pbrake_f,0.0,2025-04-25T00:31:49.451Z,GR86-002-2,2
,1,I_R02_2025-04-27,R2,kafka:gr-raw,2025-04-27T17:14:58.152Z,GR86-002-2,0,gear,2.0,2025-04-25T00:31:49.451Z,GR86-002-2,2
,1,I_R02_2025-04-27,R2,kafka:gr-raw,2025-04-27T17:14:58.152Z,GR86-002-2,0,Steering_Angle,-0.5,2025-04-25T00:31:49.451Z,GR86-002-2,2
,1,I_R02_2025-04-27,R2,kafka:gr-raw,2025-04-27T17:14:58.151Z,GR86-002-2,0,accx_can,0.237,2025-04-25T00:31:49.407Z,GR86-002-2,2
,1,I_R02_2025-04-27,R2,kafka:gr-raw,2025-04-27T17:14:58.151Z,GR86-002-2,0,accy_can,0.02,2025-04-25T00:31:49.407Z,GR86-002-2,2
,1,I_R02_2025-04-27,R2,kafka:gr-raw,2025-04-27T17:14:58.151Z,GR86-002-2,0,ath,100.02,2025-04-25T00:31:49.407Z,GR86-002-2,2
,1,I_R02_2025-04-27,R2,kafka:gr-raw,2025-04-27T17:14:58.151Z,GR86-002-2,0,pbrake_r,0.0,2025-04-25T00:31:49.407Z,GR86-002-2,2
,1,I_R02_2025-04-27,R2,kafka:gr-raw,2025-04-27T17:14:58.151Z,GR86-002-2,0,pbrake_f,0.0,2025-04-25T00:31:49.407Z,GR86-002-2,2
,1,I_R02_2025-04-27,R2,kafka:gr-raw,2025-04-27T17:14:58.151Z,GR86-002-2,0,gear,2.0,2025-04-25T00:31:49.407Z,GR86-002-2,2
,1,I_R02_2025-04-27,R2,kafka:gr-raw,2025-04-27T17:14:58.151Z,GR86-002-2,0,Steering_Angle,-0.5,2025-04-25T00:31:49.407Z,GR86-002-2,2
,1,I_R02_2025-04-27,R2,kafka:gr-raw,2025-04-27T17:14:58.151Z,GR86-002-2,0,accx_can,0.226,2025-04-25T00:31:49.363Z,GR86-002-2,2
,1,I_R02_2025-04-27,R2,kafka:gr-raw,2025-04-27T17:14:58.151Z,GR86-002-2,0,accy_can,-0.002,2025-04-25T00:31:49.363Z,GR86-002-2,2
,1,I_R02_2025-04-27,R2,kafka:gr-raw,2025-04-27T17:14:58.151Z,GR86-002-2,0,ath,100.02,2025-04-25T00:31:49.363Z,GR86-002-2,2
,1,I_R02_2025-04-27,R2,kafka:gr-raw,2025-04-27T17:14:58.151Z,GR86-002-2,0,pbrake_r,0.0,2025-04-25T00:31:49.363Z,GR86-002-2,2
,1,I_R02_2025-04-27,R2,kafka:gr-raw,2025-04-27T17:14:58.151Z,GR86-002-2,0,pbrake_f,0.0,2025-04-25T00:31:49.363Z,GR86-002-2,2
,1,I_R02_2025-04-27,R2,kafka:gr-raw,2025-04-27T17:14:58.151Z,GR86-002-2,0,gear,2.0,2025-04-25T00:31:49.363Z,GR86-002-2,2
,1,I_R02_2025-04-27,R2,kafka:gr-raw,2025-04-27T17:14:58.151Z,GR86-002-2,0,Steering_Angle,-0.5,2025-04-25T00:31:49.363Z,GR86-002-2,2
,1,I_R02_2025-04-27,R2,kafka:gr-raw,2025-04-27T17:14:58.151Z,GR86-002-2,0,accx_can,0.24,2025-04-25T00:31:49.319Z,GR86-002-2,2
,1,I_R02_2025-04-27,R2,kafka:gr-raw,2025-04-27T17:14:58.151Z,GR86-002-2,0,accy_can,0.008,2025-04-25T00:31:49.319Z,GR86-002-2,2
,1,I_R02_2025-04-27,R2,kafka:gr-raw,2025-04-27T17:14:58.151Z,GR86-002-2,0,ath,100.0,2025-04-25T00:31:49.319Z,GR86-002-2,2
,1,I_R02_2025-04-27,R2,kafka:gr-raw,2025-04-27T17:14:58.151Z,GR86-002-2,0,pbrake_r,0.0,2025-04-25T00:31:49.319Z,GR86-002-2,2
,1,I_R02_2025-04-27,R2,kafka:gr-raw,2025-04-27T17:14:58.151Z,GR86-002-2,0,pbrake_f,0.0,2025-04-25T00:31:49.319Z,GR86-002-2,2
,1,I_R02_2025-04-27,R2,kafka:gr-raw,2025-04-27T17:14:58.151Z,GR86-002-2,0,gear,2.0,2025-04-25T00:31:49.319Z,GR86-002-2,2
,1,I_R02_2025-04-27,R2,kafka:gr-raw,2025-04-27T17:14:58.151Z,GR86-002-2,0,Steering_Angle,-0.5,2025-04-25T00:31:49.319Z,GR86-002-2,2
,1,I_R02_2025-04-27,R2,kafka:gr-raw,2025-04-27T17:14:58.150Z,GR86-002-2,0,accx_can,0.242,2025-04-25T00:31:49.274Z,GR86-002-2,2
,1,I_R02_2025-04-27,R2,kafka:gr-raw,2025-04-27T17:14:58.150Z,GR86-002-2,0,accy_can,0.002,2025-04-25T00:31:49.274Z,GR86-002-2,2
,1,I_R02_2025-04-27,R2,kafka:gr-raw,2025-04-27T17:14:58.150Z,GR86-002-2,0,ath,100.03,2025-04-25T00:31:49.274Z,GR86-002-2,2
,1,I_R02_2025-04-27,R2,kafka:gr-raw,2025-04-27T17:14:58.150Z,GR86-002-2,0,pbrake_r,0.0,2025-04-25T00:31:49.274Z,GR86-002-2,2
,1,I_R02_2025-04-27,R2,kafka:gr-raw,2025-04-27T17:14:58.150Z,GR86-002-2,0,pbrake_f,0.0,2025-04-25T00:31:49.274Z,GR86-002-2,2
,1,I_R02_2025-04-27,R2,kafka:gr-raw,2025-04-27T17:14:58.150Z,GR86-002-2,0,gear,2.0,2025-04-25T00:31:49.274Z,GR86-002-2,2
,1,I_R02_2025-04-27,R2,kafka:gr-raw,2025-04-27T17:14:58.150Z,GR86-002-2,0,Steering_Angle,-0.3,2025-04-25T00:31:49.274Z,GR86-002-2,2
,1,I_R02_2025-04-27,R2,kafka:gr-raw,2025-04-27T17:14:58.150Z,GR86-002-2,0,accx_can,0.247,2025-04-25T00:31:49.231Z,GR86-002-2,2
,1,I_R02_2025-04-27,R2,kafka:gr-raw,2025-04-27T17:14:58.150Z,GR86-002-2,0,accy_can,0.012,2025-04-25T00:31:49.231Z,GR86-002-2,2
,1,I_R02_2025-04-27,R2,kafka:gr-raw,2025-04-27T17:14:58.150Z,GR86-002-2,0,ath,100.0,2025-04-25T00:31:49.231Z,GR86-002-2,2
,1,I_R02_2025-04-27,R2,kafka:gr-raw,2025-04-27T17:14:58.150Z,GR86-002-2,0,pbrake_r,0.0,2025-04-25T00:31:49.231Z,GR86-002-2,2
,1,I_R02_2025-04-27,R2,kafka:gr-raw,2025-04-27T17:14:58.150Z,GR86-002-2,0,pbrake_f,0.0,2025-04-25T00:31:49.231Z,GR86-002-2,2
,1,I_R02_2025-04-27,R2,kafka:gr-raw,2025-04-27T17:14:58.150Z,GR86-002-2,0,gear,2.0,2025-04-25T00:31:49.231Z,GR86-002-2,2
,1,I_R02_2025-04-27,R2,kafka:gr-raw,2025-04-27T17:14:58.150Z,GR86-002-2,0,Steering_Angle,0.2,2025-04-25T00:31:49.231Z,GR86-002-2,2
,1,I_R02_2025-04-27,R2,kafka:gr-raw,2025-04-27T17:14:58.150Z,GR86-002-2,0,nmot,6890.0,2025-04-25T00:31:49.274Z,GR86-002-2,2
,1,I_R02_2025-04-27,R2,kafka:gr-raw,2025-04-27T17:14:58.150Z,GR86-002-2,0,speed,119.42,2025-04-25T00:31:49.274Z,GR86-002-2,2
,1,I_R02_2025-04-27,R2,kafka:gr-raw,2025-04-27T17:14:58.150Z,GR86-002-2,0,accx_can,0.236,2025-04-25T00:31:49.187Z,GR86-002-2,2
,1,I_R02_2025-04-27,R2,kafka:gr-raw,2025-04-27T17:14:58.150Z,GR86-002-2,0,accy_can,-0.012,2025-04-25T00:31:49.187Z,GR86-002-2,2
,1,I_R02_2025-04-27,R2,kafka:gr-raw,2025-04-27T17:14:58.150Z,GR86-002-2,0,ath,100.02,2025-04-25T00:31:49.187Z,GR86-002-2,2
,1,I_R02_2025-04-27,R2,kafka:gr-raw,2025-04-27T17:14:58.150Z,GR86-002-2,0,pbrake_r,0.0,2025-04-25T00:31:49.187Z,GR86-002-2,2
,1,I_R02_2025-04-27,R2,kafka:gr-raw,2025-04-27T17:14:58.150Z,GR86-002-2,0,pbrake_f,0.0,2025-04-25T00:31:49.187Z,GR86-002-2,2
,1,I_R02_2025-04-27,R2,kafka:gr-raw,2025-04-27T17:14:58.150Z,GR86-002-2,0,gear,2.0,2025-04-25T00:31:49.187Z,GR86-002-2,2
,1,I_R02_2025-04-27,R2,kafka:gr-raw,2025-04-27T17:14:58.150Z,GR86-002-2,0,Steering_Angle,0.2,2025-04-25T00:31:49.187Z,GR86-002-2,2
,1,I_R02_2025-04-27,R2,kafka:gr-raw,2025-04-27T17:14:58.150Z,GR86-002-2,0,accx_can,0.243,2025-04-25T00:31:49.142Z,GR86-002-2,2
,1,I_R02_2025-04-27,R2,kafka:gr-raw,2025-04-27T17:14:58.150Z,GR86-002-2,0,accy_can,0.0,2025-04-25T00:31:49.142Z,GR86-002-2,2
,1,I_R02_2025-04-27,R2,kafka:gr-raw,2025-04-27T17:14:58.150Z,GR86-002-2,0,ath,100.02,2025-04-25T00:31:49.142Z,GR86-002-2,2
,1,I_R02_2025-04-27,R2,kafka:gr-raw,2025-04-27T17:14:58.150Z,GR86-002-2,0,pbrake_r,0.0,2025-04-25T00:31:49.142Z,GR86-002-2,2
,1,I_R02_2025-04-27,R2,kafka:gr-raw,2025-04-27T17:14:58.150Z,GR86-002-2,0,pbrake_f,0.0,2025-04-25T00:31:49.142Z,GR86-002-2,2
,1,I_R02_2025-04-27,R2,kafka:gr-raw,2025-04-27T17:14:58.150Z,GR86-002-2,0,gear,2.0,2025-04-25T00:31:49.142Z,GR86-002-2,2
,1,I_R02_2025-04-27,R2,kafka:gr-raw,2025-04-27T17:14:58.150Z,GR86-002-2,0,Steering_Angle,0.2,2025-04-25T00:31:49.142Z,GR86-002-2,2
,1,I_R02_2025-04-27,R2,kafka:gr-raw,2025-04-27T17:14:58.149Z,GR86-002-2,0,accx_can,0.253,2025-04-25T00:31:49.099Z,GR86-002-2,2
,1,I_R02_2025-04-27,R2,kafka:gr-raw,2025-04-27T17:14:58.149Z,GR86-002-2,0,accy_can,-0.001,2025-04-25T00:31:49.099Z,GR86-002-2,2
,1,I_R02_2025-04-27,R2,kafka:gr-raw,2025-04-27T17:14:58.149Z,GR86-002-2,0,ath,100.01,2025-04-25T00:31:49.099Z,GR86-002-2,2
,1,I_R02_2025-04-27,R2,kafka:gr-raw,2025-04-27T17:14:58.149Z,GR86-002-2,0,pbrake_r,0.0,2025-04-25T00:31:49.099Z,GR86-002-2,2
,1,I_R02_2025-04-27,R2,kafka:gr-raw,2025-04-27T17:14:58.149Z,GR86-002-2,0,pbrake_f,0.0,2025-04-25T00:31:49.099Z,GR86-002-2,2
,1,I_R02_2025-04-27,R2,kafka:gr-raw,2025-04-27T17:14:58.149Z,GR86-002-2,0,gear,2.0,2025-04-25T00:31:49.099Z,GR86-002-2,2
,1,I_R02_2025-04-27,R2,kafka:gr-raw,2025-04-27T17:14:58.149Z,GR86-002-2,0,Steering_Angle,0.1,2025-04-25T00:31:49.099Z,GR86-002-2,2
,1,I_R02_2025-04-27,R2,kafka:gr-raw,2025-04-27T17:14:58.149Z,GR86-002-2,0,accx_can,0.254,2025-04-25T00:31:49.054Z,GR86-002-2,2
,1,I_R02_2025-04-27,R2,kafka:gr-raw,2025-04-27T17:14:58.149Z,GR86-002-2,0,accy_can,-0.01,2025-04-25T00:31:49.054Z,GR86-002-2,2
,1,I_R02_2025-04-27,R2,kafka:gr-raw,2025-04-27T17:14:58.149Z,GR86-002-2,0,ath,99.99,2025-04-25T00:31:49.054Z,GR86-002-2,2
,1,I_R02_2025-04-27,R2,kafka:gr-raw,2025-04-27T17:14:58.149Z,GR86-002-2,0,pbrake_r,0.0,2025-04-25T00:31:49.054Z,GR86-002-2,2
,1,I_R02_2025-04-27,R2,kafka:gr-raw,2025-04-27T17:14:58.149Z,GR86-002-2,0,pbrake_f,0.0,2025-04-25T00:31:49.054Z,GR86-002-2,2
,1,I_R02_2025-04-27,R2,kafka:gr-raw,2025-04-27T17:14:58.149Z,GR86-002-2,0,gear,2.0,2025-04-25T00:31:49.054Z,GR86-002-2,2
,1,I_R02_2025-04-27,R2,kafka:gr-raw,2025-04-27T17:14:58.149Z,GR86-002-2,0,Steering_Angle,-1.0,2025-04-25T00:31:49.054Z,GR86-002-2,2
,1,I_R02_2025-04-27,R2,kafka:gr-raw,2025-04-27T17:14:58.149Z,GR86-002-2,0,nmot,6786.0,2025-04-25T00:31:49.054Z,GR86-002-2,2
,1,I_R02_2025-04-27,R2,kafka:gr-raw,2025-04-27T17:14:58.149Z,GR86-002-2,0,speed,117.61,2025-04-25T00:31:49.054Z,GR86-002-2,2
,1,I_R02_2025-04-27,R2,kafka:gr-raw,2025-04-27T17:14:51.031Z,GR86-002-2,0,accx_can,0.233,2025-04-25T00:31:49.011Z,GR86-002-2,2
,1,I_R02_2025-04-27,R2,kafka:gr-raw,2025-04-27T17:14:51.031Z,GR86-002-2,0,accy_can,-0.031,2025-04-25T00:31:49.011Z,GR86-002-2,2
,1,I_R02_2025-04-27,R2,kafka:gr-raw,2025-04-27T17:14:51.031Z,GR86-002-2,0,ath,100.0,2025-04-25T00:31:49.011Z,GR86-002-2,2
,1,I_R02_2025-04-27,R2,kafka:gr-raw,2025-04-27T17:14:51.031Z,GR86-002-2,0,pbrake_r,0.0,2025-04-25T00:31:49.011Z,GR86-002-2,2
,1,I_R02_2025-04-27,R2,kafka:gr-raw,2025-04-27T17:14:51.031Z,GR86-002-2,0,pbrake_f,0.0,2025-04-25T00:31:49.011Z,GR86-002-2,2
,1,I_R02_2025-04-27,R2,kafka:gr-raw,2025-04-27T17:14:51.031Z,GR86-002-2,0,gear,2.0,2025-04-25T00:31:49.011Z,GR86-002-2,2
,1,I_R02_2025-04-27,R2,kafka:gr-raw,2025-04-27T17:14:51.031Z,GR86-002-2,0,Steering_Angle,-1.3,2025-04-25T00:31:49.011Z,GR86-002-2,2
,1,I_R02_2025-04-27,R2,kafka:gr-raw,2025-04-27T17:14:51.031Z,GR86-002-2,0,accx_can,0.231,2025-04-25T00:31:48.967Z,GR86-002-2,2
,1,I_R02_2025-04-27,R2,kafka:gr-raw,2025-04-27T17:14:51.031Z,GR86-002-2,0,accy_can,-0.033,2025-04-25T00:31:48.967Z,GR86-002-2,2
,1,I_R02_2025-04-27,R2,kafka:gr-raw,2025-04-27T17:14:51.031Z,GR86-002-2,0,ath,99.98,2025-04-25T00:31:48.967Z,GR86-002-2,2
,1,I_R02_2025-04-27,R2,kafka:gr-raw,2025-04-27T17:14:51.031Z,GR86-002-2,0,pbrake_r,0.0,2025-04-25T00:31:48.967Z,GR86-002-2,2
,1,I_R02_2025-04-27,R2,kafka:gr-raw,2025-04-27T17:14:51.031Z,GR86-002-2,0,pbrake_f,0.0,2025-04-25T00:31:48.967Z,GR86-002-2,2
,1,I_R02_2025-04-27,R2,kafka:gr-raw,2025-04-27T17:14:51.031Z,GR86-002-2,0,gear,2.0,2025-04-25T00:31:48.967Z,GR86-002-2,2
,1,I_R02_2025-04-27,R2,kafka:gr-raw,2025-04-27T17:14:51.031Z,GR86-002-2,0,Steering_Angle,-1.3,2025-04-25T00:31:48.967Z,GR86-002-2,2
,1,I_R02_2025-04-27,R2,kafka:gr-raw,2025-04-27T17:14:51.030Z,GR86-002-2,0,accx_can,0.252,2025-04-25T00:31:48.922Z,GR86-002-2,2
,1,I_R02_2025-04-27,R2,kafka:gr-raw,2025-04-27T17:14:51.030Z,GR86-002-2,0,accy_can,-0.032,2025-04-25T00:31:48.922Z,GR86-002-2,2
,1,I_R02_2025-04-27,R2,kafka:gr-raw,2025-04-27T17:14:51.030Z,GR86-002-2,0,ath,100.0,2025-04-25T00:31:48.922Z,GR86-002-2,2
,1,I_R02_2025-04-27,R2,kafka:gr-raw,2025-04-27T17:14:51.030Z,GR86-002-2,0,pbrake_r,0.0,2025-04-25T00:31:48.922Z,GR86-002-2,2
,1,I_R02_2025-04-27,R2,kafka:gr-raw,2025-04-27T17:14:51.030Z,GR86-002-2,0,pbrake_f,0.0,2025-04-25T00:31:48.922Z,GR86-002-2,2
,1,I_R02_2025-04-27,R2,kafka:gr-raw,2025-04-27T17:14:51.030Z,GR86-002-2,0,gear,2.0,2025-04-25T00:31:48.922Z,GR86-002-2,2
,1,I_R02_2025-04-27,R2,kafka:gr-raw,2025-04-27T17:14:51.030Z,GR86-002-2,0,Steering_Angle,-1.3,2025-04-25T00:31:48.922Z,GR86-002-2,2
,1,I_R02_2025-04-27,R2,kafka:gr-raw,2025-04-27T17:14:50.946Z,GR86-002-2,0,accx_can,0.244,2025-04-25T00:31:48.879Z,GR86-002-2,2
,1,I_R02_2025-04-27,R2,kafka:gr-raw,2025-04-27T17:14:50.946Z,GR86-002-2,0,accy_can,-0.049,2025-04-25T00:31:48.879Z,GR86-002-2,2
,1,I_R02_2025-04-27,R2,kafka:gr-raw,2025-04-27T17:14:50.946Z,GR86-002-2,0,ath,100.0,2025-04-25T00:31:48.879Z,GR86-002-2,2
,1,I_R02_2025-04-27,R2,kafka:gr-raw,2025-04-27T17:14:50.946Z,GR86-002-2,0,pbrake_r,0.0,2025-04-25T00:31:48.879Z,GR86-002-2,2
,1,I_R02_2025-04-27,R2,kafka:gr-raw,2025-04-27T17:14:50.946Z,GR86-002-2,0,pbrake_f,0.0,2025-04-25T00:31:48.879Z,GR86-002-2,2
,1,I_R02_2025-04-27,R2,kafka:gr-raw,2025-04-27T17:14:50.946Z,GR86-002-2,0,gear,2.0,2025-04-25T00:31:48.879Z,GR86-002-2,2
,1,I_R02_2025-04-27,R2,kafka:gr-raw,2025-04-27T17:14:50.946Z,GR86-002-2,0,Steering_Angle,-1.4,2025-04-25T00:31:48.879Z,GR86-002-2,2
,1,I_R02_2025-04-27,R2,kafka:gr-raw,2025-04-27T17:14:50.946Z,GR86-002-2,0,nmot,6693.0,2025-04-25T00:31:48.834Z,GR86-002-2,2
,1,I_R02_2025-04-27,R2,kafka:gr-raw,2025-04-27T17:14:50.946Z,GR86-002-2,0,speed,115.83,2025-04-25T00:31:48.834Z,GR86-002-2,2
,1,I_R02_2025-04-27,R2,kafka:gr-raw,2025-04-27T17:14:50.946Z,GR86-002-2,0,accx_can,0.24,2025-04-25T00:31:48.834Z,GR86-002-2,2
,1,I_R02_2025-04-27,R2,kafka:gr-raw,2025-04-27T17:14:50.946Z,GR86-002-2,0,accy_can,-0.038,2025-04-25T00:31:48.834Z,GR86-002-2,2
,1,I_R02_2025-04-27,R2,kafka:gr-raw,2025-04-27T17:14:50.946Z,GR86-002-2,0,ath,100.01,2025-04-25T00:31:48.834Z,GR86-002-2,2
,1,I_R02_2025-04-27,R2,kafka:gr-raw,2025-04-27T17:14:50.946Z,GR86-002-2,0,pbrake_r,0.0,2025-04-25T00:31:48.834Z,GR86-002-2,2
,1,I_R02_2025-04-27,R2,kafka:gr-raw,2025-04-27T17:14:50.946Z,GR86-002-2,0,pbrake_f,0.0,2025-04-25T00:31:48.834Z,GR86-002-2,2
,1,I_R02_2025-04-27,R2,kafka:gr-raw,2025-04-27T17:14:50.946Z,GR86-002-2,0,gear,2.0,2025-04-25T00:31:48.834Z,GR86-002-2,2
,1,I_R02_2025-04-27,R2,kafka:gr-raw,2025-04-27T17:14:50.946Z,GR86-002-2,0,Steering_Angle,-2.8000000000000003,2025-04-25T00:31:48.834Z,GR86-002-2,2
,1,I_R02_2025-04-27,R2,kafka:gr-raw,2025-04-27T17:14:50.944Z,GR86-002-2,0,accx_can,0.24,2025-04-25T00:31:48.791Z,GR86-002-2,2
,1,I_R02_2025-04-27,R2,kafka:gr-raw,2025-04-27T17:14:50.944Z,GR86-002-2,0,accy_can,-0.02,2025-04-25T00:31:48.791Z,GR86-002-2,2
,1,I_R02_2025-04-27,R2,kafka:gr-raw,2025-04-27T17:14:50.944Z,GR86-002-2,0,ath,99.99,2025-04-25T00:31:48.791Z,GR86-002-2,2
,1,I_R02_2025-04-27,R2,kafka:gr-raw,2025-04-27T17:14:50.944Z,GR86-002-2,0,pbrake_r,0.0,2025-04-25T00:31:48.791Z,GR86-002-2,2
,1,I_R02_2025-04-27,R2,kafka:gr-raw,2025-04-27T17:14:50.944Z,GR86-002-2,0,pbrake_f,0.0,2025-04-25T00:31:48.791Z,GR86-002-2,2
,1,I_R02_2025-04-27,R2,kafka:gr-raw,2025-04-27T17:14:50.944Z,GR86-002-2,0,gear,2.0,2025-04-25T00:31:48.791Z,GR86-002-2,2
,1,I_R02_2025-04-27,R2,kafka:gr-raw,2025-04-27T17:14:50.944Z,GR86-002-2,0,Steering_Angle,-3.0,2025-04-25T00:31:48.791Z,GR86-002-2,2
,1,I_R02_2025-04-27,R2,kafka:gr-raw,2025-04-27T17:14:50.850Z,GR86-002-2,0,accx_can,0.246,2025-04-25T00:31:48.747Z,GR86-002-2,2
,1,I_R02_2025-04-27,R2,kafka:gr-raw,2025-04-27T17:14:50.850Z,GR86-002-2,0,accy_can,0.01,2025-04-25T00:31:48.747Z,GR86-002-2,2
,1,I_R02_2025-04-27,R2,kafka:gr-raw,2025-04-27T17:14:50.850Z,GR86-002-2,0,ath,100.0,2025-04-25T00:31:48.747Z,GR86-002-2,2
,1,I_R02_2025-04-27,R2,kafka:gr-raw,2025-04-27T17:14:50.850Z,GR86-002-2,0,pbrake_r,0.0,2025-04-25T00:31:48.747Z,GR86-002-2,2
,1,I_R02_2025-04-27,R2,kafka:gr-raw,2025-04-27T17:14:50.850Z,GR86-002-2,0,pbrake_f,0.0,2025-04-25T00:31:48.747Z,GR86-002-2,2
,1,I_R02_2025-04-27,R2,kafka:gr-raw,2025-04-27T17:14:50.850Z,GR86-002-2,0,gear,2.0,2025-04-25T00:31:48.747Z,GR86-002-2,2
,1,I_R02_2025-04-27,R2,kafka:gr-raw,2025-04-27T17:14:50.850Z,GR86-002-2,0,Steering_Angle,-2.5,2025-04-25T00:31:48.747Z,GR86-002-2,2
,1,I_R02_2025-04-27,R2,kafka:gr-raw,2025-04-27T17:14:50.849Z,GR86-002-2,0,accx_can,0.239,2025-04-25T00:31:48.703Z,GR86-002-2,2
,1,I_R02_2025-04-27,R2,kafka:gr-raw,2025-04-27T17:14:50.849Z,GR86-002-2,0,accy_can,-0.002,2025-04-25T00:31:48.703Z,GR86-002-2,2
,1,I_R02_2025-04-27,R2,kafka:gr-raw,2025-04-27T17:14:50.849Z,GR86-002-2,0,ath,99.99,2025-04-25T00:31:48.703Z,GR86-002-2,2
,1,I_R02_2025-04-27,R2,kafka:gr-raw,2025-04-27T17:14:50.849Z,GR86-002-2,0,pbrake_r,0.0,2025-04-25T00:31:48.703Z,GR86-002-2,2
,1,I_R02_2025-04-27,R2,kafka:gr-raw,2025-04-27T17:14:50.849Z,GR86-002-2,0,pbrake_f,0.0,2025-04-25T00:31:48.703Z,GR86-002-2,2
,1,I_R02_2025-04-27,R2,kafka:gr-raw,2025-04-27T17:14:50.849Z,GR86-002-2,0,gear,2.0,2025-04-25T00:31:48.703Z,GR86-002-2,2
,1,I_R02_2025-04-27,R2,kafka:gr-raw,2025-04-27T17:14:50.849Z,GR86-002-2,0,Steering_Angle,-1.1,2025-04-25T00:31:48.703Z,GR86-002-2,2
,1,I_R02_2025-04-27,R2,kafka:gr-raw,2025-04-27T17:14:50.849Z,GR86-002-2,0,accx_can,0.26,2025-04-25T00:31:48.658Z,GR86-002-2,2
,1,I_R02_2025-04-27,R2,kafka:gr-raw,2025-04-27T17:14:50.849Z,GR86-002-2,0,accy_can,-0.015,2025-04-25T00:31:48.658Z,GR86-002-2,2
,1,I_R02_2025-04-27,R2,kafka:gr-raw,2025-04-27T17:14:50.849Z,GR86-002-2,0,ath,100.02,2025-04-25T00:31:48.658Z,GR86-002-2,2
,1,I_R02_2025-04-27,R2,kafka:gr-raw,2025-04-27T17:14:50.849Z,GR86-002-2,0,pbrake_r,0.0,2025-04-25T00:31:48.658Z,GR86-002-2,2
,1,I_R02_2025-04-27,R2,kafka:gr-raw,2025-04-27T17:14:50.849Z,GR86-002-2,0,pbrake_f,0.0,2025-04-25T00:31:48.658Z,GR86-002-2,2
,1,I_R02_2025-04-27,R2,kafka:gr-raw,2025-04-27T17:14:50.849Z,GR86-002-2,0,gear,2.0,2025-04-25T00:31:48.658Z,GR86-002-2,2
,1,I_R02_2025-04-27,R2,kafka:gr-raw,2025-04-27T17:14:50.849Z,GR86-002-2,0,Steering_Angle,-0.1,2025-04-25T00:31:48.658Z,GR86-002-2,2
,1,I_R02_2025-04-27,R2,kafka:gr-raw,2025-04-27T17:14:50.684Z,GR86-002-2,0,nmot,6596.0,2025-04-25T00:31:48.614Z,GR86-002-2,2
,1,I_R02_2025-04-27,R2,kafka:gr-raw,2025-04-27T17:14:50.684Z,GR86-002-2,0,speed,114.01,2025-04-25T00:31:48.614Z,GR86-002-2,2
,1,I_R02_2025-04-27,R2,kafka:gr-raw,2025-04-27T17:14:50.684Z,GR86-002-2,0,accx_can,0.249,2025-04-25T00:31:48.614Z,GR86-002-2,2
,1,I_R02_2025-04-27,R2,kafka:gr-raw,2025-04-27T17:14:50.684Z,GR86-002-2,0,accy_can,-0.007,2025-04-25T00:31:48.614Z,GR86-002-2,2
,1,I_R02_2025-04-27,R2,kafka:gr-raw,2025-04-27T17:14:50.684Z,GR86-002-2,0,ath,100.01,2025-04-25T00:31:48.614Z,GR86-002-2,2
,1,I_R02_2025-04-27,R2,kafka:gr-raw,2025-04-27T17:14:50.684Z,GR86-002-2,0,pbrake_r,0.0,2025-04-25T00:31:48.614Z,GR86-002-2,2
,1,I_R02_2025-04-27,R2,kafka:gr-raw,2025-04-27T17:14:50.684Z,GR86-002-2,0,pbrake_f,0.0,2025-04-25T00:31:48.614Z,GR86-002-2,2
,1,I_R02_2025-04-27,R2,kafka:gr-raw,2025-04-27T17:14:50.684Z,GR86-002-2,0,gear,2.0,2025-04-25T00:31:48.614Z,GR86-002-2,2
,1,I_R02_2025-04-27,R2,kafka:gr-raw,2025-04-27T17:14:50.684Z,GR86-002-2,0,Steering_Angle,-0.1,2025-04-25T00:31:48.614Z,GR86-002-2,2
,1,I_R02_2025-04-27,R2,kafka:gr-raw,2025-04-27T17:14:50.684Z,GR86-002-2,0,accx_can,0.245,2025-04-25T00:31:48.571Z,GR86-002-2,2
,1,I_R02_2025-04-27,R2,kafka:gr-raw,2025-04-27T17:14:50.684Z,GR86-002-2,0,accy_can,-0.013,2025-04-25T00:31:48.571Z,GR86-002-2,2
,1,I_R02_2025-04-27,R2,kafka:gr-raw,2025-04-27T17:14:50.684Z,GR86-002-2,0,ath,100.0,2025-04-25T00:31:48.571Z,GR86-002-2,2
,1,I_R02_2025-04-27,R2,kafka:gr-raw,2025-04-27T17:14:50.684Z,GR86-002-2,0,pbrake_r,0.0,2025-04-25T00:31:48.571Z,GR86-002-2,2
,1,I_R02_2025-04-27,R2,kafka:gr-raw,2025-04-27T17:14:50.684Z,GR86-002-2,0,pbrake_f,0.0,2025-04-25T00:31:48.571Z,GR86-002-2,2
,1,I_R02_2025-04-27,R2,kafka:gr-raw,2025-04-27T17:14:50.684Z,GR86-002-2,0,gear,2.0,2025-04-25T00:31:48.571Z,GR86-002-2,2
,1,I_R02_2025-04-27,R2,kafka:gr-raw,2025-04-27T17:14:50.684Z,GR86-002-2,0,Steering_Angle,-0.6000000000000001,2025-04-25T00:31:48.571Z,GR86-002-2,2
,1,I_R02_2025-04-27,R2,kafka:gr-raw,2025-04-27T17:14:50.684Z,GR86-002-2,0,accx_can,0.243,2025-04-25T00:31:48.527Z,GR86-002-2,2
,1,I_R02_2025-04-27,R2,kafka:gr-raw,2025-04-27T17:14:50.684Z,GR86-002-2,0,accy_can,-0.019,2025-04-25T00:31:48.527Z,GR86-002-2,2
,1,I_R02_2025-04-27,R2,kafka:gr-raw,2025-04-27T17:14:50.684Z,GR86-002-2,0,ath,100.01,2025-04-25T00:31:48.527Z,GR86-002-2,2
,1,I_R02_2025-04-27,R2,kafka:gr-raw,2025-04-27T17:14:50.684Z,GR86-002-2,0,pbrake_r,0.0,2025-04-25T00:31:48.527Z,GR86-002-2,2
,1,I_R02_2025-04-27,R2,kafka:gr-raw,2025-04-27T17:14:50.684Z,GR86-002-2,0,pbrake_f,0.0,2025-04-25T00:31:48.527Z,GR86-002-2,2
,1,I_R02_2025-04-27,R2,kafka:gr-raw,2025-04-27T17:14:50.684Z,GR86-002-2,0,gear,2.0,2025-04-25T00:31:48.527Z,GR86-002-2,2
,1,I_R02_2025-04-27,R2,kafka:gr-raw,2025-04-27T17:14:50.684Z,GR86-002-2,0,Steering_Angle,-1.1,2025-04-25T00:31:48.527Z,GR86-002-2,2
,1,I_R02_2025-04-27,R2,kafka:gr-raw,2025-04-27T17:14:50.683Z,GR86-002-2,0,accx_can,0.26,2025-04-25T00:31:48.482Z,GR86-002-2,2
